archivo,variable,etiqueta,tipo,formato,ancho,decimales,rango_min,rango_max,categorias,pregunta_literal,universo,instrucciones,url,notas
F256,P6020,Sexo,Discreta,Numérico,1,0,,,1=Hombre; 2=Mujer,2. Sexo,"El universo para la Gran Encuesta Integrada de Hogares está conformado por la población civil no institucional, residente en todo el territorio nacional; va dirigida a todos los hogares encontrados en la vivienda y a todas las personas que forman parte del hogar.","Tener cuidado al registrar el sexo porque hay nombres que se usan para ambos sexos (ej. Concepción, Dolores); si hay duda, preguntar.",https://microdatos.dane.gov.co/index.php/catalog/547/variable/F256/V13373,
F256,P6040,"¿cuántos años cumplidos tiene...? (si es menor de 1 año, escriba 00)",Continua,Numérico,3,0,,,,"¿Cuántos años cumplidos tiene … ? Si es menor de 1 año, escriba 00","La población civil no institucional, residente en todo el territorio nacional; va dirigida a todos los hogares encontrados en la vivienda y a todas las personas que forman parte del hogar","Registrar la edad del último cumpleaños (no el que está por cumplir), siempre a dos dígitos. Solo se pregunta a quienes no declararon fecha de nacimiento. Menores de 1 año: 00. 99 años y más: 99.",https://microdatos.dane.gov.co/index.php/catalog/547/variable/F256/V13376,
F256,P6050,¿Cuál es el parentesco de ... con el jefe o jefa del hogar?,Discreta,Numérico,1,0,,,"1=Jefe (a) del hogar; 2=Pareja, esposo(a), cónyuge, compañero(a); 3=Hijo(a), hijastro(a); 4=Nieto(a); 5=Otro pariente; 6=Empleado(a) del servicio doméstico y sus parientes; 7=Pensionista; 8=Trabajador; 9=Otro no pariente",¿Cuál es el parentesco de ... con el jefe o jefa del hogar?,"El universo para la Gran Encuesta Integrada de Hogares está conformado por la población civil no institucional, residente en todo el territorio nacional; va dirigida a todos los hogares encontrados en la vivienda y a todas las personas que forman parte del hogar.","Registrar el parentesco en orden: jefe, cónyuge, hijos, nietos, otros parientes, servicio doméstico, pensionistas, trabajadores, no parientes. El jefe debe tener al menos 10 años y se define por consideración del hogar o por ser el principal aportante. Solo un cónyuge por hogar.",https://microdatos.dane.gov.co/index.php/catalog/547/variable/F256/V13377,
F256,P6090,"¿... Está afiliado, es cotizante o es beneficiario de alguna entidad de seguridad social en salud?",Discreta,Numérico,1,0,,,"1=Sí; 2=No; 9=No sabe, no informa","¿... está afiliado, es cotizante o es beneficiario de alguna entidad de seguridad social en salud? (Instituto de Seguros Sociales - ISS, Empresa Promotora de Salud - EPS o Administradora de Régimen Subsidiado - ARS)","El universo para la Gran Encuesta Integrada de Hogares está conformado por la población civil no institucional, residente en todo el territorio nacional; va dirigida a todos los hogares encontrados en la vivienda y a todas las personas que forman parte del hogar.","Determina si tiene garantizada la salud como cotizante o beneficiario. Si 1 (Sí) pase a P6100; si 9 (No sabe, no informa) pase a P6125; si 2 (No) continúe. Solicitar carné; si cotiza y es beneficiario, registrar cotizante; excluir personas solo vinculadas.",https://microdatos.dane.gov.co/index.php/catalog/547/variable/F256/V13385,
F256,P6100,¿A cuál de los siguientes regímenes de seguridad social en salud está afiliado?,Discreta,Numérico,1,0,,,"1=Contributivo (eps)?; 2=Especial ? (fuerzas armadas, ecopetrol, universidades públicas); 3=Subsidiado? (eps-s); 9=No sabe, no informa","¿A cuál de los siguientes regímenes de seguridad social en salud está afiliado: a. Contributivo (EPS)? b. Especial ? (Fuerzas Armadas, Ecopetrol, universidades públicas) c. Subsidiado? (EPS-S) d. No sabe, no informa","El universo para la Gran Encuesta Integrada de Hogares está conformado por la población civil no institucional, residente en todo el territorio nacional; va dirigida a todos los hogares encontrados en la vivienda y a todas las personas que forman parte del hogar que hayan marcado la opción 1 (SI) en la pregunta 1(P6090) del capítulo F. SEGURIDAD SOCIAL EN SALUD.","Se responde solo si marcó 1 (Sí) en P6090 (cap. F). Si responde 3 (Subsidiado) ó 9 (No sabe, no informa) pase a la pregunta 7 (P6125). Permite conocer la cobertura de cada régimen.",https://microdatos.dane.gov.co/index.php/catalog/547/variable/F256/V13388,
F256,P6210,¿cuál es el nivel educativo más alto alcanzado por ... Y el último año o grado aprobado en este nivel?,Discreta,Numérico,1,0,,,"1=Ninguno; 2=Preescolar; 3=Básica primaria (1o - 5o); 4=Básica secundaria (6o - 9o); 5=Media (10o - 13o); 6=Superior o universitaria; 9=No sabe, no informa",¿Cuál es el nivel educativo más alto alcanzado por .... y el último año o grado aprobado en este nivel?,"El universo para la Gran Encuesta Integrada de Hogares está conformado por la población civil no institucional, residente en todo el territorio nacional; va dirigida a todos los hogares encontrados en la vivienda y solamente para personas personas de 3 años y más que hayan marcado la opción 2(No) en la pregunta 2(P6170) ó la pregunta 3(P6175).",Registrar nivel y último grado aprobado. Cero (0) si cursa el primer año del nivel o no aprobó ningún grado; el 0 solo se acepta si está estudiando. 9 = No informa. Educación superior en años completos. Educación especial: registrar equivalencia.,https://microdatos.dane.gov.co/index.php/catalog/547/variable/F256/V13395,
F256,P6210S1,Grado,Continua,Numérico,2,0,,,,¿Cuál es el nivel educativo más alto alcanzado por .... y el último año o grado aprobado en este nivel?,"La población civil no institucional, residente en todo el territorio nacional; va dirigida a todos los hogares encontrados en la vivienda y solamente para personas de 3 años y más.",,https://microdatos.dane.gov.co/index.php/catalog/547/variable/F256/V13396,La página no muestra instrucciones del entrevistador.
F256,ESC,Escolaridad,Continua,Numérico,2,0,,,,Años de escolaridad,"La población civil no institucional, residente en todo el territorio nacional",,https://microdatos.dane.gov.co/index.php/catalog/547/variable/F256/V13400,La página no muestra instrucciones del entrevistador.
F256,fex_c_2011,Factor de expansión,Discreta,Numérico,16,0,,,,Factor de expansión,,,https://microdatos.dane.gov.co/index.php/catalog/547/variable/F256/V13403,"La página muestra una tabla de ~1.018 categorías (valor=factor de expansión, p.ej. 3718=1299.82051287535 ... 2018=1094.67749630643) que no pudo extraerse completa (contenido truncado). Rango mostrado como '-'. Sin universo ni instrucciones."
F258,P6240,¿en que actividad ocupó ... La mayor parte del tiempo la semana pasada?,Discreta,Numérico,1,0,,,1=Trabajando; 2=Buscando trabajo; 3=Estudiando; 4=Oficios del hogar; 5=Incapacitado permanente para trabajar; 6=Otra actividad,¿En que actividad ocupó...... la mayor parte del tiempo la semana pasada?,"El universo para la Gran Encuesta Integrada de Hogares está conformado por la población civil no institucional, residente en todo el territorio nacional; va dirigida a todos los hogares encontrados en la vivienda y solamente para personas de 10 años y más.","Si 1 (Trabajando) siga al cap. I. OCUPADOS; si 2, 3, 4 ó 6 continúe con la siguiente pregunta; si 5 (Incapacitado) siga al cap. K. INACTIVOS. Si el informante duda, leer cada alternativa con '¿o alguna otra cosa?'; si hizo varias actividades, preguntar a cuál dedicó más tiempo.",https://microdatos.dane.gov.co/index.php/catalog/547/variable/F258/V13413,
F258,FT,Fuerza de trabajo,Discreta,Numérico,1,0,,,1=Fuerza de trabajo,Fuerza de trabajo,"El universo para la Gran Encuesta Integrada de Hogares está conformado por la población civil no institucional, residente en todo el territorio nacional.",,https://microdatos.dane.gov.co/index.php/catalog/547/variable/F258/V13428,Sin sección de instrucciones del entrevistador; la página incluye texto previo a la pregunta 'Mes' y una descripción sobre informantes (directo para 18+ y para 10-17 que trabajan o buscan trabajo).
F255,P4030S1A1,Estrato para tarifa,Discreta,Numérico,1,0,,,0=Conexión pirata; 1=Bajo - bajo; 2=Bajo; 3=Medio - bajo; 4=Medio; 5=Medio - alto; 6=Alto; 9=No sabe o cuenta con planta eléctrica,4a. Estrato para tarifa,"La población civil no institucional, residente en todo el territorio nacional",Se responde solo si marcó 1 (Sí) en P4030S1 (energía eléctrica). Estrato 1 a 6; 0 si la conexión es pirata; 9 si no es posible establecer el estrato o la vivienda cuenta con planta eléctrica. Solicitar el último recibo de energía y registrar el estrato.,https://microdatos.dane.gov.co/index.php/catalog/547/variable/F255/V13355,
F260,P7310,¿... Ha buscado trabajo por primera vez o había trabajado antes por lo menos durante dos semanas consecutivas?,Discreta,Numérico,1,0,,,1=Primera vez; 2=Trabajó antes,5.¿...... ha buscado trabajo por primera vez o había trabajado antes por lo menos durante dos semanas consecutivas?,"La población civil no institucional, residente en todo el territorio nacional; va dirigida a todos los hogares encontrados en la vivienda y solamente para personas de 10 años y más.",Conocer si buscó trabajo por primera vez o había trabajado antes al menos dos semanas consecutivas; sirve para clasificar a los desocupados en cesantes y aspirantes.,https://microdatos.dane.gov.co/index.php/catalog/547/variable/F260/V13606,
F260,P7350,En este último trabajo era:,Discreta,Numérico,1,0,,,1=Obrero o empleado de empresa particular; 2=Obrero o empleado del gobierno; 3=Empleado doméstico; 4=Trabajador por cuenta propia; 5=Patrón o empleador; 6=Trabajador familiar sin remuneración; 7=Trabajador sin remuneración en empresas o negocios de otros hogares; 8=Jornalero o peón; 9=Otro,9. En este último trabajo era: a. Obrero o empleado de empresa particular b. Obrero o empleado del Gobierno c. Empleado doméstico d. Trabajador por cuenta propia e. Patrón o empleador f. Trabajador familiar sin remuneración g. Trabajador sin remuneración en empresas de otros hogares h. Jornalero o peón i. Otro,"La población civil no institucional, residente en todo el territorio nacional; va dirigida a todos los hogares encontrados en la vivienda y solamente para personas de 10 años y más.","Obtener la posición ocupacional del último trabajo. Leer las alternativas; cada categoría se define en detalle (p.ej. obrero o empleado de empresa particular = asalariado de un empleador privado, incluye organizaciones de servicio social, sindicales, iglesias y otras sin ánimo de lucro).",https://microdatos.dane.gov.co/index.php/catalog/547/variable/F260/V13608,
F260,P7422,¿recibió o ganó el mes pasado ingresos por concepto de trabajo?,Discreta,Numérico,1,0,,,1=Sí; 2=No,¿Recibió o ganó el mes pasado ingresos por concepto de trabajo?,"La población civil no institucional, residente en todo el territorio nacional; va dirigida a todos los hogares encontrados en la vivienda y solamente para personas de 10 años y más.","Establecer los ingresos por trabajo del mes pasado. Si responde 1 (Sí), indagar por el monto. Si recibió pero no sabe el monto, escriba 98.",https://microdatos.dane.gov.co/index.php/catalog/547/variable/F260/V13624,
F260,P7422S1,¿cuánto?,Continua,Numérico,7,0,,,,14. ¿Recibió o ganó el mes pasado ingresos por concepto de trabajo? a. ¿cuánto? $ ______________,"El universo para la Gran Encuesta Integrada de Hogares está conformado por la población civil no institucional, residente en todo el territorio nacional; va dirigida a todos los hogares encontrados en la vivienda y solamente para personas de 10 años y más que hayan marcado la opción 1(Si) en la pregunta 14(P7422) del capítulo J. DESOCUPADOS.","Se responde solo si marcó 1 (Sí) en la pregunta 14 (P7422) del cap. J. DESOCUPADOS. Si recibió pero no sabe el monto, escriba 98.",https://microdatos.dane.gov.co/index.php/catalog/547/variable/F260/V13625,
F260,DSI,Desocupados,Discreta,Numérico,1,0,,,1=Desocupados,Desocupados,"La población civil no institucional, residente en todo el territorio nacional",,https://microdatos.dane.gov.co/index.php/catalog/547/variable/F260/V13632,La página no muestra instrucciones del entrevistador.
F261,P7472,¿recibió o ganó el mes pasado ingresos por concepto de trabajo?,Discreta,Numérico,1,0,,,1=Sí; 2=No,10. ¿Recibió o ganó el mes pasado ingresos por concepto de trabajo?,"La población civil no institucional, residente en todo el territorio nacional; personas de 10 años y más que haya marcado opción 2, 3 ó 9 en pregunta 8(7460) o que haya respondido pregunta 9(P7470) del capítulo K. INACTIVOS.","Se responde solo si marcó 2 (No), 3 (Ya es pensionado) ó 9 (No sabe, no informa) en la pregunta 8 (P7460) o si respondió la pregunta 9 (P7470) del cap. K. INACTIVOS. Permite obtener ingresos de las personas inactivas.",https://microdatos.dane.gov.co/index.php/catalog/547/variable/F261/V13655,ID V13655 inferido; verificado: la página corresponde a P7472.
F261,P7472S1,¿cuánto?,Continua,Numérico,7,0,,,,10. ¿Recibió o ganó el mes pasado ingresos por concepto de trabajo? a. ¿cuánto? $___________,"La población civil no institucional, residente en todo el territorio nacional; va dirigida a todos los hogares encontrados en la vivienda y solamente para personas de 10 años y más que hayan marcado la opción 1(Si) en la pregunta 10(P7422) del capítulo K. INACTIVOS.","Se responde solo si marcó 1 (Sí) en la pregunta 10 (P7422) del cap. K. INACTIVOS. Si recibió pero no sabe el monto, escriba 98.",https://microdatos.dane.gov.co/index.php/catalog/547/variable/F261/V13656,ID V13656 inferido; verificado: la página corresponde a P7472S1. El universo y las instrucciones de la página citan 'P7422' (sic) como pregunta filtro.
F261,INI,Inactivos,Discreta,Numérico,1,0,,,1=Inactivos,Inactivos,"La población civil no institucional, residente en todo el territorio nacional",,https://microdatos.dane.gov.co/index.php/catalog/547/variable/F261/V13661,ID V13661 inferido; verificado: la página corresponde a INI. La página no muestra instrucciones del entrevistador.
F263,P7495,"El mes pasado, ¿recibió pagos por concepto de arriendos o pensiones?",Discreta,Numérico,1,0,,,1=Sí; 2=No,"El mes pasado, ¿recibió pagos por concepto de arriendos y/o pensiones?","La población civil no institucional, residente en todo el territorio nacional; va dirigida a todos los hogares encontrados en la vivienda y solamente para personas de 10 años y más.",Pregunta filtro. Si 1 (Sí) continúe con la siguiente pregunta; si 2 (No) siga a la pregunta 3 (P7505) del cap. M. OTROS INGRESOS.,https://microdatos.dane.gov.co/index.php/catalog/547/variable/F263/V13699,
F263,P7500S1,"Arriendos de casas, apartamentos, fincas, lotes, vehículos, equipos etc",Discreta,Numérico,1,0,,,"1=Sí; 2=No; 9=No sabe, no informa","¿El mes pasado, recibió pagos por: a. Arriendos de casas, apartamentos, fincas, lotes, vehículos, equipos etc","El universo para la Gran Encuesta Integrada de Hogares está conformado por la población civil no institucional, residente en todo el territorio nacional; va dirigida a todos los hogares encontrados en la vivienda y solamente para personas de 10 años y más que hayan marcado la opción a.(Arriendos de casas, apartamentos, fincas, lotes, vehículos, equipos etc) en la pregunta 2(P7500) del capítulo M. OTROS INGRESOS MES PASADO.","Se responde solo si marcó la opción a. en P7500 (cap. M). Capta ingresos de periodicidad mensual. Si recibió pero no sabe el monto, escriba 98. Arriendos = dinero por alquiler de viviendas, locales, bienes agrarios (tractores, arados), maquinaria y equipo.",https://microdatos.dane.gov.co/index.php/catalog/547/variable/F263/V13700,
F263,P7500S1A1,Valor mes pasado,Continua,Numérico,8,0,,,,"2. ¿El mes pasado, recibió pagos por: a. Arriendos de casas, apartamentos, fincas, lotes, vehículos, equipos etc Valor mes pasado $ __________________","El universo para la Gran Encuesta Integrada de Hogares está conformado por la población civil no institucional, residente en todo el territorio nacional; va dirigida a todos los hogares encontrados en la vivienda y solamente para personas de 10 años y más que hayan marcado la opción 1(Si) en la pregunta 2a.(P7500S1)","Se responde solo si marcó 1 (Sí) en 2a (P7500S1). Suma recibida por alquiler de viviendas, locales, bienes agrarios, maquinaria y equipo. Si recibió pero no sabe el monto, escriba 98.",https://microdatos.dane.gov.co/index.php/catalog/547/variable/F263/V13701,
F263,P7500S2,"Pensiones o jubilaciones por vejez, invalidez o sustitución pensional",Discreta,Numérico,1,0,,,"1=Sí; 2=No; 9=No sabe, no informa","¿El mes pasado, recibió pagos por: b. Pensiones o jubilaciones por vejez, invalidez o sustitución pensional","El universo para la Gran Encuesta Integrada de Hogares está conformado por la población civil no institucional, residente en todo el territorio nacional; va dirigida a todos los hogares encontrados en la vivienda y solamente para personas de 10 años y más que hayan marcado la opción b.(Pensiones o jubilaciones por vejez, invalidez o sustitución pensional) en la pregunta 2(P7500) del capítulo M. OTROS INGRESOS MES PASADO.","Se responde solo si marcó la opción b. en P7500 (cap. M). Capta ingresos de periodicidad mensual; define pensiones por vejez, invalidez y sustitución pensional. Si recibió pero no sabe el monto, escriba 98. Registrar ingresos netos, excluyendo descuentos.",https://microdatos.dane.gov.co/index.php/catalog/547/variable/F263/V13702,
F263,P7500S2A1,Valor mes pasado,Continua,Numérico,8,0,,,,"2. ¿El mes pasado, recibió pagos por: b. Pensiones o jubilaciones por vejez, invalidez o sustitución pensional. Valor mes pasado $ __________________","El universo para la Gran Encuesta Integrada de Hogares está conformado por la población civil no institucional, residente en todo el territorio nacional; va dirigida a todos los hogares encontrados en la vivienda y solamente para personas de 10 años y más que hayan marcado la opción 1(Si) en la pregunta 2b.(P7500S2) del capítulo M. OTROS INGRESOS MES PASADO.","Se responde solo si marcó 1 (Sí) en 2b (P7500S2). Si recibió pero no sabe el monto, escriba 98. Registrar ingresos netos, excluyendo descuentos.",https://microdatos.dane.gov.co/index.php/catalog/547/variable/F263/V13703,
F263,P7500S3,"Pensión alimenticia por paternidad, divorcio o separación",Discreta,Numérico,1,0,,,"1=Sí; 2=No; 9=No sabe, no informa","¿El mes pasado, recibió pagos por: c. Pensión alimenticia por paternidad, divorcio o separación","El universo para la Gran Encuesta Integrada de Hogares está conformado por la población civil no institucional, residente en todo el territorio nacional; va dirigida a todos los hogares encontrados en la vivienda y solamente para personas de 10 años y más que hayan marcado la opción c.(Pensión alimenticia por paternidad, divorcio o separación) en la pregunta 2(P7500) del capítulo M. OTROS INGRESOS MES PASADO.","Se responde solo si marcó la opción c. en P7500 (cap. M). Si recibió pero no sabe el monto, escriba 98. Pensión alimenticia: dinero de personas de otro hogar para gastos de menores de 18 años; por divorcio o separación: suma recibida del cónyuge.",https://microdatos.dane.gov.co/index.php/catalog/547/variable/F263/V13704,
F263,P7500S3A1,Valor mes pasado,Continua,Numérico,7,0,,,,"2. ¿El mes pasado, recibió pagos por: c. Pensión alimenticia por paternidad, divorcio o separación Valor mes pasado $ __________________","El universo para la Gran Encuesta Integrada de Hogares está conformado por la población civil no institucional, residente en todo el territorio nacional; va dirigida a todos los hogares encontrados en la vivienda y solamente para personas de 10 años y más que hayan marcado la opción 1(Si) en la pregunta 2c.(P7500S3) del capítulo M. OTROS INGRESOS MES PASADO.","Se responde solo si marcó 1 (Sí) en 2c (P7500S3). Si recibió pero no sabe el monto, escriba 98. Pensión alimenticia: dinero recibido de personas de otro hogar para cubrir gastos de menores de 18 años.",https://microdatos.dane.gov.co/index.php/catalog/547/variable/F263/V13705,
F263,P7505,"Durante los últimos doce meses, ¿recibió dinero de otros hogares, personas o instituciones; dinero por intereses, dividendos, utilidades o cesantías?",Discreta,Numérico,1,0,,,1=Sí; 2=No,"Durante los últimos doce meses, ¿recibió dinero de otros hogares, personas o instituciones no gubernamentales; dinero por intereses, dividendos, utilidades o cesantias?","El universo para la Gran Encuesta Integrada de Hogares está conformado por la población civil no institucional, residente en todo el territorio nacional; va dirigida a todos los hogares encontrados en la vivienda y solamente para personas de 10 años y más que hayan marcado la opción 2(No) en la pregunta 1(P7495) del capítulo M. OTROS INGRESOS MES PASADO.",Se responde solo si marcó 2 (No) en la pregunta 1 (P7495) del cap. M. Pregunta filtro para determinar qué personas recibieron esos ingresos y aplicarles o no la pregunta siguiente.,https://microdatos.dane.gov.co/index.php/catalog/547/variable/F263/V13706,
F263,P7510S1,Dinero de otros hogares o personas residentes en el país?,Discreta,Numérico,1,0,,,"1=Sí; 2=No; 9=No sabe, no informa",4. Durante los últimos doce meses recibió: a. Dinero de otros hogares a personas residentes en el pais?,"la población civil no institucional, residente en todo el territorio nacional; va dirigida a todos los hogares encontrados en la vivienda y solamente para personas de 10 años y más que hayan marcado la opción a.(Dinero de otros hogares a personas residentes en el pais?) en la pregunta 4(P7510) del capítulo M. OTROS INGRESOS ÚLTIMOS DOCE MESES.",Se responde solo si marcó la opción a. en P7510 (cap. M). Capta ingresos no laborales sin periodicidad necesariamente mensual (últimos doce meses). Solo ingresos no reembolsables; los préstamos no se incluyen.,https://microdatos.dane.gov.co/index.php/catalog/547/variable/F263/V13707,
F263,P7510S1A1,Valor,Continua,Numérico,8,0,,,,4. Durante los últimos doce meses recibió: a. Dinero de otros hogares a personas residentes en el pais? Valor $ ___________,"El universo para la Gran Encuesta Integrada de Hogares está conformado por la población civil no institucional, residente en todo el territorio nacional; va dirigida a todos los hogares encontrados en la vivienda y solamente para personas de 10 años y más que hayan marcado la opción 1(Si) en la pregunta 2a.(P7510S1) del capítulo M. OTROS INGRESOS ÚLTIMOS DOCE MESES.",Se responde solo si marcó 1 (Sí) en 2a (P7510S1). Capta ingresos no laborales de los últimos doce meses. Solo ingresos no reembolsables; los préstamos no se incluyen.,https://microdatos.dane.gov.co/index.php/catalog/547/variable/F263/V13708,
F263,P7510S2,Dinero de otros hogares o personas residentes fuera del país?,Discreta,Numérico,1,0,,,"1=Sí; 2=No; 9=No sabe, no informa",4. Durante los últimos doce meses recibió: b. Dinero de otros hogares o personas residentes fuera del país?,"El universo para la Gran Encuesta Integrada de Hogares está conformado por la población civil no institucional, residente en todo el territorio nacional; va dirigida a todos los hogares encontrados en la vivienda y solamente para personas de 10 años y más que hayan marcado la opción b.(Dinero de otros hogares a personas residentes en el pais?) en la pregunta 4(P7510) del capítulo M. OTROS INGRESOS ÚLTIMOS DOCE MESES.","Se responde solo si marcó la opción b. en P7510 (cap. M). Capta ingresos no laborales de periodicidad irregular (últimos doce meses), p.ej. remesas de familiares en el exterior. Solo ingresos no reembolsables; los préstamos no se incluyen.",https://microdatos.dane.gov.co/index.php/catalog/547/variable/F263/V13709,El texto del universo devuelto cita la opción b. con la descripción de la opción a. (tal como lo devolvió la extracción).
F263,P7510S2A1,Valor,Continua,Numérico,8,0,,,,4. Durante los últimos doce meses recibió: b. Dinero de otros hogares o personas residentes fuera del país? Valor $ ___________,"El universo para la Gran Encuesta Integrada de Hogares está conformado por la población civil no institucional, residente en todo el territorio nacional; va dirigida a todos los hogares encontrados en la vivienda y solamente para personas de 10 años y más que hayan marcado la opción 1(Si) en la pregunta 2b.(P7510S2) del capítulo M.",Se responde solo si marcó 1 (Sí) en 2b (P7510S2) del cap. M. Solo ingresos no reembolsables; los préstamos no se incluyen.,https://microdatos.dane.gov.co/index.php/catalog/547/variable/F263/V13710,
F263,P7510S3,Ayudas en dinero de instituciones del país o de fuera del país?,Discreta,Numérico,1,0,,,"1=Sí; 2=No; 9=No sabe, no informa",Durante los últimos doce meses recibió: c. Ayudas en dinero de instituciones del país o de fuera del país?,"El universo para la Gran Encuesta Integrada de Hogares está conformado por la población civil no institucional, residente en todo el territorio nacional; va dirigida a todos los hogares encontrados en la vivienda y solamente para personas de 10 años y más que hayan marcado la opción c.(Ayudas en dinero de instituciones del país o de fuera del país?) en la pregunta 4(P7510) del capítulo M. OTROS INGRESOS ÚLTIMOS DOCE MESES.",Se responde solo si marcó la opción c. en P7510 (cap. M). Capta ingresos no laborales sin periodicidad necesariamente mensual (últimos doce meses). Solo ingresos no reembolsables; los préstamos no se incluyen.,https://microdatos.dane.gov.co/index.php/catalog/547/variable/F263/V13711,
F263,P7510S3A1,Valor,Continua,Numérico,8,0,,,,4. Durante los últimos doce meses recibió: c. Ayudas en dinero de instituciones del país o de fuera del país? Valor $ ___________,"El universo para la Gran Encuesta Integrada de Hogares está conformado por la población civil no institucional, residente en todo el territorio nacional; va dirigida a todos los hogares encontrados en la vivienda y solamente para personas de 10 años y más que hayan marcado la opción 1(Si) en la pregunta 2c.(P7510S3) del capítulo M. OTROS INGRESOS ÚLTIMOS DOCE MESES.",Se responde solo si marcó 1 (Sí) en 2c (P7510S3) del cap. M. Capta ingresos no laborales de los últimos doce meses. Solo ingresos no reembolsables; los préstamos no se incluyen.,https://microdatos.dane.gov.co/index.php/catalog/547/variable/F263/V13712,
F263,P7510S5,Durante los últimos doce meses recibió,Discreta,Numérico,1,0,,,"1=Sí; 2=No; 9=No sabe, no informa","Durante los últimos doce meses recibió: d. Dinero por intereses de prestamos o por CDT's, depósitos de ahorro, utilidades ganancias o dividendos por inversiones?","El universo para la Gran Encuesta Integrada de Hogares está conformado por la población civil no institucional, residente en todo el territorio nacional; va dirigida a todos los hogares encontrados en la vivienda y solamente para personas de 10 años y más que hayan marcado la opción d.(Dinero por intereses de prestamos o por CDT's, depósitos de ahorro, utilidades ganancias o dividendos por inversiones?) en la pregunta 4(P7510) del capítulo M. OTROS INGRESOS ÚLTIMOS DOCE MESES.","Se responde solo si marcó la opción d. en P7510 (cap. M). Captar los intereses adquiridos en el período de referencia, no las devoluciones de préstamos ni las redenciones o cancelaciones de activos financieros. No se incluyen herencias ni regalías.",https://microdatos.dane.gov.co/index.php/catalog/547/variable/F263/V13729,
F263,P7510S5A1,Valor,Continua,Numérico,9,0,,,,"4. Durante los últimos doce meses recibió: d. Dinero por intereses de prestamos o por CDT's, depósitos de ahorro, utilidades ganancias o dividendos por inversiones? Valor $ ___________","El universo para la Gran Encuesta Integrada de Hogares está conformado por la población civil no institucional, residente en todo el territorio nacional; va dirigida a todos los hogares encontrados en la vivienda y solamente para personas de 10 años y más que hayan marcado la opción 1(Si) en la pregunta 2d.(P7510S5) del capítulo M. OTROS INGRESOS ÚLTIMOS DOCE MESES.","Se responde solo si marcó 1 (Sí) en 2d (P7510S5) del cap. M. Capta ingresos no laborales por intereses, CDT, depósitos de ahorro, utilidades o dividendos en los últimos doce meses; solo ingresos no reembolsables.",https://microdatos.dane.gov.co/index.php/catalog/547/variable/F263/V13730,
F263,P7510S6,Ingresos por concepto de cesantías y/o intereses a la cesatías,Discreta,Numérico,1,0,,,"1=Sí; 2=No; 9=No sabe, no informa",Durante los últimos doce meses recibió: e. Ingresos por concepto de cesantías y/o intereses a las cesantías?,"El universo para la Gran Encuesta Integrada de Hogares está conformado por la población civil no institucional, residente en todo el territorio nacional; va dirigida a todos los hogares encontrados en la vivienda y solamente para personas de 10 años y más que hayan marcado la opción e.(Ingresos por concepto de cesantías y/o intereses a las cesantías?) en la pregunta 4(P7510) del capítulo M. OTROS INGRESOS ÚLTIMOS DOCE MESES.","Se responde solo si marcó la opción e. en P7510 (cap. M). Capta ingresos no laborales de los últimos doce meses; solo ingresos no reembolsables, los préstamos no se incluyen.",https://microdatos.dane.gov.co/index.php/catalog/547/variable/F263/V13731,La etiqueta de la página dice 'cesatías' (sic).
F263,P7510S6A1,Valor,Continua,Numérico,8,0,,,,4. Durante los últimos doce meses recibió: e. Ingresos por concepto de cesantías y/o intereses a las cesantías? Valor $ ___________,"El universo para la Gran Encuesta Integrada de Hogares está conformado por la población civil no institucional, residente en todo el territorio nacional; va dirigida a todos los hogares encontrados en la vivienda y solamente para personas de 10 años y más que hayan marcado la opción 1(Si) en la pregunta 2e.(P7510S6) del capítulo M. OTROS INGRESOS ÚLTIMOS DOCE MESES.","Se responde solo si marcó 1 (Sí) en 2e (P7510S6) del cap. M. Captar el valor recibido por cesantías o intereses a las cesantías, en efectivo o como abono a créditos de vivienda.",https://microdatos.dane.gov.co/index.php/catalog/547/variable/F263/V13732,
F263,P7510S7,Durante los últimos doce meses recibió,Discreta,Numérico,1,0,,,"1=Sí; 2=No; 9=No sabe, no informa","Durante los últimos doce meses recibió: f. Dinero de otras fuentes diferentes a las anteriores (ingresos por ganancias en juegos de azar, chances, loterias, indemnizaciones, liquidaciones, venta de propiedades, acciones, vehículos, etc.)","El universo para la Gran Encuesta Integrada de Hogares está conformado por la población civil no institucional, residente en todo el territorio nacional; va dirigida a todos los hogares encontrados en la vivienda y solamente para personas de 10 años y más que hayan marcado la opción f.(Dinero de otras fuentes diferentes a las anteriores) en la pregunta 4(P7510) del capítulo M. OTROS INGRESOS ÚLTIMOS DOCE MESES.","Se responde solo si marcó la opción f. en P7510 (cap. M). Capta ingresos no laborales de los últimos doce meses; solo ingresos no reembolsables, los préstamos no se incluyen.",https://microdatos.dane.gov.co/index.php/catalog/547/variable/F263/V13733,
F263,P7510S7A1,Valor,Continua,Numérico,8,0,,,,"4. Durante los últimos doce meses recibió: f. Dinero de otras fuentes diferentes a las anteriores (ingresos por ganancias en juegos de azar, chances, loterias, indemnizaciones, liquidaciones, venta de propiedades, acciones, vehículos, etc.) Valor $ ___________","La población civil no institucional, residente en todo el territorio nacional; para personas de 10 años y más que hayan marcado la opción 1(Si) en la pregunta 2f.(P7510S7)","Se responde solo si marcó 1 (Sí) en 2f (P7510S7). Capta ingresos no laborales no reembolsables de los últimos doce meses (juegos de azar, indemnizaciones, liquidaciones, venta de propiedades, etc.).",https://microdatos.dane.gov.co/index.php/catalog/547/variable/F263/V13734,
F259,P6426,"¿cuanto tiempo lleva ... Trabajando en esta empresa, negocio, industria, oficina, firma o finca de manera continua?",Continua,Numérico,3,0,0,720,,"11. ¿Cuanto tiempo lleva ... trabajando en esta empresa, negocio, industria, oficina, firma o finca de manera continua? si es menos de un mes escriba 000 Meses ________","El universo para la Gran Encuesta Integrada de Hogares está conformado por la población civil no institucional, residente en todo el territorio nacional; va dirigida a todos los hogares encontrados en la vivienda y solamente para personas de 10 años y más.","Si no sabe el número de meses escriba 999; menos de un mes 000; más de 999 meses 998. Notas para independientes, contratistas, empleados del Estado y asalariados: las interrupciones temporales no rompen la continuidad en la empresa.",https://microdatos.dane.gov.co/index.php/catalog/547/variable/F259/V13449,
F259,P6500,Antes de descuentos ¿cuánto ganó ... El mes pasado en este empleo?,Continua,Numérico,8,0,100,25000000,,14. Antes de descuentos ¿cuánto ganó .... el mes pasado en este empleo? Valor mensual $_______________________ (incluya propinas y comisiones y excluya viáticos y pagos en especie),"El universo para la Gran Encuesta Integrada de Hogares está conformado por la población civil no institucional, residente en todo el territorio nacional; va dirigida a todos los hogares encontrados en la vivienda y solamente para personas de 10 años y más.","00 = no recibió salario en dinero; 98 = recibió pero no sabe el monto; 99 = no sabe si recibió. Ingreso mensual del empleo principal de asalariados, total sin deducciones; incluye propinas y comisiones; excluye subsidios, viáticos y pagos en especie.",https://microdatos.dane.gov.co/index.php/catalog/547/variable/F259/V13454,
F259,P6510,El mes pasado recibió ingresos por concepto de horas extras?,Discreta,Numérico,1,0,1,9,"1=Sí; 2=No; 9=No sabe, no informa",15. El mes pasado recibió ingresos por concepto de horas extras?,"El universo para la Gran Encuesta Integrada de Hogares está conformado por la población civil no institucional, residente en todo el territorio nacional; va dirigida a todos los hogares encontrados en la vivienda y solamente para personas de 10 años y más.","Capta ingresos por horas extras. Si marca 1 (Sí), indagar el valor recibido el mes pasado y si lo incluyó en los ingresos declarados en la pregunta 14. Si no sabe el valor recibido, escriba 98.",https://microdatos.dane.gov.co/index.php/catalog/547/variable/F259/V13455,
F259,P6510S1,¿cuánto recibió?,Continua,Numérico,7,0,12,2000000,,15. El mes pasado recibió ingresos por concepto de horas extras? 1. Sí a. ¿cuánto recibió? $ ___________________,"El universo para la Gran Encuesta Integrada de Hogares está conformado por la población civil no institucional, residente en todo el territorio nacional; va dirigida a todos los hogares encontrados en la vivienda y solamente para personas de 10 años y más que hayan marcado la opción 1(Si), en la pregunta 15(P6510) del capítulo I. OCUPADOS.","Se responde solo si marcó 1 (Sí) en la pregunta 15 (P6510). Si el encuestado no sabe cuál fue el valor recibido el mes pasado por este concepto, escriba 98.",https://microdatos.dane.gov.co/index.php/catalog/547/variable/F259/V13456,
F259,P6510S2,¿incluyó este valor en los ingresos del mes pasado $__ que me declaró anteriormente?,Discreta,Numérico,1,0,1,2,1=Sí; 2=No,15. El mes pasado recibió ingresos por concepto de horas extras? b. ¿Incluyó este valor en los ingresos del mes pasado ($____ ) que me declaró anteriormente?,"El universo para la Gran Encuesta Integrada de Hogares está conformado por la población civil no institucional, residente en todo el territorio nacional; va dirigida a todos los hogares encontrados en la vivienda y solamente para personas de 10 años y más que hayan marcado la opción 1(Si), en la pregunta 15(P6510) del capítulo I. OCUPADOS.","Se responde solo si marcó 1 (Sí) en la pregunta 15 (P6510) del capítulo I. Ocupados. Si el encuestado no sabe el valor recibido el mes pasado por este concepto, escriba 98.",https://microdatos.dane.gov.co/index.php/catalog/547/variable/F259/V13457,
F259,P6590,"Además del salario en dinero, ¿el mes pasado recibió alimentos como parte de pago por su trabajo?",Discreta,Numérico,1,0,1,9,"1=Sí; 2=No; 9=No sabe, no informa","16. Además del salario en dinero, ¿el mes pasado recibió alimentos como parte de pago por su trabajo?","El universo para la Gran Encuesta Integrada de Hogares está conformado por la población civil no institucional, residente en todo el territorio nacional; va dirigida a todos los hogares encontrados en la vivienda y solamente para personas de 10 años y más.","Si marca 1 (Sí), el valor debe venir diligenciado, distinto de 00 y 99; si recibió pero no sabe estimar el monto, escriba 98. Los ingresos en especie aquí se refieren solo a alimentación y vivienda. Las empleadas domésticas deben traer alternativa 1 y el valor estimado de la alimentación.",https://microdatos.dane.gov.co/index.php/catalog/547/variable/F259/V13458,
F259,P6590S1,"¿en cuánto estima lo que recibió el mes pasado? (si recibió pero no sabe estimar el monto, escriba 98)",Continua,Numérico,7,0,144,1148000,,"16. Además del salario en dinero, ¿el mes pasado recibió alimentos como parte de pago por su trabajo? 1. Sí a. ¿En cuánto estima lo que recibió? $_____________","El universo para la Gran Encuesta Integrada de Hogares está conformado por la población civil no institucional, residente en todo el territorio nacional; va dirigida a todos los hogares encontrados en la vivienda y solamente para personas de 10 años y más que hayan marcado la opción 1(Sí) en la pregunta 16(P6590) del capítulo I. OCUPADOS.","Se responde solo si marcó 1 (Sí) en la pregunta 16 (P6590). El valor debe venir diligenciado, distinto de 00 y 99; si recibió pero no sabe estimar el monto, escriba 98. Objeto: saber si además del ingreso monetario recibió alimentos como parte de pago.",https://microdatos.dane.gov.co/index.php/catalog/547/variable/F259/V13459,
F259,P6600,"Además del salario en dinero, ¿el mes pasado recibió vivienda como parte de pago por su trabajo?",Discreta,Numérico,1,0,1,9,"1=Sí; 2=No; 9=No sabe, no informa","17. Además del salario en dinero, ¿el mes pasado recibió vivienda como parte de pago por su trabajo?","El universo para la Gran Encuesta Integrada de Hogares está conformado por la población civil no institucional, residente en todo el territorio nacional; va dirigida a todos los hogares encontrados en la vivienda y solamente para personas de 10 años y más.","Si recibió pero no sabe estimar el monto, escriba 98. Si marca 1 (Sí), indagar el valor estimado, que debe ser distinto de 00 y 99. Se considera que recibió vivienda cuando la empresa se la asigna en forma gratuita o por un pago simbólico.",https://microdatos.dane.gov.co/index.php/catalog/547/variable/F259/V13460,
F259,P6600S1,"¿en cuánto estima lo que recibió el mes pasado? (si recibió pero no sabe estimar el monto, escriba 98)",Continua,Numérico,7,0,8000,1050000,,"17. Además del salario en dinero, ¿el mes pasado recibió vivienda como parte de pago por su trabajo? 1. Sí. a. ¿En cuánto estima lo que recibió? $_______________","El universo para la Gran Encuesta Integrada de Hogares está conformado por la población civil no institucional, residente en todo el territorio nacional; va dirigida a todos los hogares encontrados en la vivienda y solamente para personas de 10 años y más que hayan marcado la opción 1(Sí) en la pregunta 17(P6600) del capítulo I. OCUPADOS.","Se responde solo si marcó 1 (Sí) en la pregunta 17 (P6600). Vivienda como pago: la empresa la asigna gratis o por pago simbólico. El valor debe venir diligenciado, distinto de 00 y 99; si no sabe estimar el monto, escriba 98.",https://microdatos.dane.gov.co/index.php/catalog/547/variable/F259/V13461,
F259,P6610,¿normalmente ... Utiliza transporte de la empresa para desplazarse a su trabajo (bus o automóvil)?,Discreta,Numérico,1,0,1,9,"1=Sí; 2=No; 9=No sabe, no informa",18. ¿Normalmente... utiliza transporte de la empresa para desplazarse a su trabajo (bus o automóvil)?,"El universo para la Gran Encuesta Integrada de Hogares está conformado por la población civil no institucional, residente en todo el territorio nacional; va dirigida a todos los hogares encontrados en la vivienda y solamente para personas de 10 años y más.","Si recibió pero no sabe estimar el monto, escriba 98. Si marca 1 (Sí), indagar el valor estimado (distinto de 00 y 99): lo que tendría que pagar por transporte si no tuviera el servicio de la empresa (carro asignado, buses, vehículo o moto permanente).",https://microdatos.dane.gov.co/index.php/catalog/547/variable/F259/V13462,
F259,P6610S1,"¿en cuánto estima lo que recibió el mes pasado? (si recibió pero no sabe estimar el monto, escriba 98)",Continua,Numérico,7,0,98,2000000,,18. ¿Normalmente... utiliza transporte de la empresa para desplazarse a su trabajo (bus o automóvil)? 1. Sí a. ¿En cuánto estima lo que recibió? $_______________,"El universo para la Gran Encuesta Integrada de Hogares está conformado por la población civil no institucional, residente en todo el territorio nacional; va dirigida a todos los hogares encontrados en la vivienda y solamente para personas de 10 años y más que hayan marcado la opción 1(Sí) en la pregunta 18(P6610) del capítulo I. OCUPADOS.","Se responde solo si marcó 1 (Sí) en la pregunta 18 (P6610). Si recibió pero no sabe estimar el monto, escriba 98. Indagar el valor estimado de lo que pagaría por transporte si no tuviera el servicio de la empresa.",https://microdatos.dane.gov.co/index.php/catalog/547/variable/F259/V13463,
F259,P6620,"Además del salario en dinero, ¿el mes pasado... Recibió otros ingresos en especie por su trabajo (electrodomésticos, ropa, productos diferentes a alimentos o bonos tipo sodexho)?",Discreta,Numérico,1,0,1,9,"1=Sí; 2=No; 9=No sabe, no informa","19. Además del salario en dinero, ¿el mes pasado... recibió otros ingresos en especie por su trabajo(electrodomésticos, ropa, productos diferentes a alimentos o bonos tipo Sodexho)? 1 Sí 2 No 9 No sabe, no informa","El universo para la Gran Encuesta Integrada de Hogares está conformado por la población civil no institucional, residente en todo el territorio nacional; va dirigida a todos los hogares encontrados en la vivienda y solamente para personas de 10 años y más.","Si recibió pero no sabe estimar el monto, escriba 98. Capta todos los ingresos en especie diferentes a alimentos, vivienda y transporte. Si marca 1 (Sí), indagar el valor estimado de lo recibido.",https://microdatos.dane.gov.co/index.php/catalog/547/variable/F259/V13464,
F259,P6620S1,"¿en cuánto estima lo que recibió el mes pasado? (si recibió pero no sabe estimar el monto, escriba 98)",Continua,Numérico,7,0,98,1500000,,"19. Además del salario en dinero, ¿el mes pasado... recibió otros ingresos en especie por su trabajo(electrodomésticos, ropa, productos diferentes a alimentos o bonos tipo Sodexho)? 1. Sí a. ¿En cuánto estima lo que recibió? $_______________","El universo para la Gran Encuesta Integrada de Hogares está conformado por la población civil no institucional, residente en todo el territorio nacional; va dirigida a todos los hogares encontrados en la vivienda y solamente para personas de 10 años y más que hayan marcado la opción 1(Sí) en la pregunta 19(P6620) del capítulo I. OCUPADOS.","Se responde solo si marcó 1 (Sí) en la pregunta 19 (P6620). Si recibió pero no sabe estimar el monto, escriba 98. Si marca 1, indagar el valor estimado de lo recibido.",https://microdatos.dane.gov.co/index.php/catalog/547/variable/F259/V13465,
F259,P6585S1,Auxilio o subsidio de alimentación?,Discreta,Numérico,1,0,1,9,"1=Sí; 2=No; 9=No sabe, no informa",20. ¿Cuál o cuáles de los siguientes subsidios recibió ... el mes pasado: a. Auxilio o subsidio de alimentación?,"El universo para la Gran Encuesta Integrada de Hogares está conformado por la población civil no institucional, residente en todo el territorio nacional; va dirigida a todos los hogares encontrados en la vivienda y solamente para personas de 10 años y más.","Si recibió pero no sabe el monto, escriba 98. Si marca 1 (Sí), registrar el valor recibido e indagar si lo incluyó en la pregunta 14. Solo cuentan subsidios en dinero, no en especie. Empleados del gobierno con 1-2 SMMLV tienen auxilio de transporte y alimentación. Solo empleo principal.",https://microdatos.dane.gov.co/index.php/catalog/547/variable/F259/V13466,
F259,P6585S1A1,"¿cuánto? (si recibió pero no sabe el monto, escriba 98)",Continua,Numérico,7,0,98,406000,,20. ¿Cuál o cuáles de los siguientes subsidios recibió ... el mes pasado: a. Auxilio o subsidio de alimentación? a. ¿cuánto? $____________,"El universo para la Gran Encuesta Integrada de Hogares está conformado por la población civil no institucional, residente en todo el territorio nacional; va dirigida a todos los hogares encontrados en la vivienda y solamente para personas de 10 años y más que hayan marcado la opción 1(Si) en la pregunta 20a.(P6585S1) del capítulo I. OCUPADOS.","Se responde solo si marcó 1 (Sí) en la pregunta 20a (P6585S1). Si recibió pero no sabe el monto, escriba 98. Solo se contabilizan subsidios recibidos en dinero, no en especie. Ingresos referidos solo al empleo principal.",https://microdatos.dane.gov.co/index.php/catalog/547/variable/F259/V13467,
F259,P6585S1A2,¿incluyo este valor en los ingresos del mes pasado que me declaró anteriormente?,Discreta,Numérico,1,0,1,2,1=Sí; 2=No,20. ¿Cuál o cuáles de los siguientes subsidios recibió ... el mes pasado: a. Auxilio o subsidio de alimentación? b. ¿Incluyó este valor en los ingresos del mes pasado ($ ____) que me declaró anteriormente? 1 Sí 2 No,"El universo para la Gran Encuesta Integrada de Hogares está conformado por la población civil no institucional, residente en todo el territorio nacional; va dirigida a todos los hogares encontrados en la vivienda y solamente para personas de 10 años y más que hayan marcado la opción 1(Si) en la pregunta 20a.(P6585S1) del capítulo I. OCUPADOS.","Se responde solo si marcó 1 (Sí) en 20a (P6585S1). Si recibió pero no sabe el monto, escriba 98. Si marca 1 en cualquier subsidio, registrar el valor e indagar si lo incluyó en la pregunta 14. Solo subsidios en dinero; solo empleo principal.",https://microdatos.dane.gov.co/index.php/catalog/547/variable/F259/V13468,
F259,P6585S2,Auxilio o subsidio de transporte?,Discreta,Numérico,1,0,1,9,"1=Sí; 2=No; 9=No sabe, no informa",20. ¿Cuál o cuáles de los siguientes subsidios recibió ... el mes pasado: b. Auxilio o subsidio de transporte?,"El universo para la Gran Encuesta Integrada de Hogares está conformado por la población civil no institucional, residente en todo el territorio nacional; va dirigida a todos los hogares encontrados en la vivienda y solamente para personas de 10 años y más.","Si recibió pero no sabe el monto, escriba 98. Objeto: conocer dineros por subsidios de los asalariados. Si marca 1 (Sí), registrar el valor recibido e indagar si lo incluyó en la pregunta 14. Solo subsidios en dinero; empleados del gobierno con 1-2 SMMLV tienen auxilio de transporte.",https://microdatos.dane.gov.co/index.php/catalog/547/variable/F259/V13469,
F259,P6585S2A1,"¿cuánto? (si recibió pero no sabe el monto, escriba 98)",Continua,Numérico,7,0,98,820000,,20. ¿Cuál o cuáles de los siguientes subsidios recibió ... el mes pasado: b. Auxilio o subsidio de transporte? a. ¿cuánto? $____________,"El universo para la Gran Encuesta Integrada de Hogares está conformado por la población civil no institucional, residente en todo el territorio nacional; va dirigida a todos los hogares encontrados en la vivienda y solamente para personas de 10 años y más que hayan marcado la opción 1(Si) en la pregunta 20b.(P6585S2) del capítulo I. OCUPADOS.","Se responde solo si marcó 1 (Sí) en 20b (P6585S2). Si recibió pero no sabe el monto, escriba 98. Registrar el valor recibido e indagar si lo incluyó en la pregunta 14. Solo subsidios en dinero, no en especie; solo empleo principal.",https://microdatos.dane.gov.co/index.php/catalog/547/variable/F259/V13470,La etiqueta aparece duplicada en el encabezado de la página (el texto se repite dos veces).
F259,P6585S2A2,¿incluyo este valor en los ingresos del mes pasado que me declaró anteriormente?,Discreta,Numérico,1,0,1,2,1=Sí; 2=No,20. ¿Cuál o cuáles de los siguientes subsidios recibió ... el mes pasado: b. Auxilio o subsidio de transporte? b. ¿Incluyó este valor en los ingresos del mes pasado ($ ____) que me declaró anteriormente? 1 Sí 2 No,"El universo para la Gran Encuesta Integrada de Hogares está conformado por la población civil no institucional, residente en todo el territorio nacional; va dirigida a todos los hogares encontrados en la vivienda y solamente para personas de 10 años y más que hayan marcado la opción 1(Si) en la pregunta 20b. (P6585S2) del capítulo I. OCUPADOS.","Se responde solo si marcó 1 (Sí) en 20b (P6585S2). Solo se contabilizan subsidios en dinero, no en especie. Umbrales de ingreso para auxilio de transporte y alimentación de empleados del gobierno. Solo empleo principal.",https://microdatos.dane.gov.co/index.php/catalog/547/variable/F259/V13471,
F259,P6585S3,Subsidio familiar?,Discreta,Numérico,1,0,1,9,"1=Si; 2=No; 9=No sabe, no informa",20. ¿Cuál o cuáles de los siguientes subsidios recibió ... el mes pasado: c. Subsidio Familiar?,"El universo para la Gran Encuesta Integrada de Hogares está conformado por la población civil no institucional, residente en todo el territorio nacional; va dirigida a todos los hogares encontrados en la vivienda y solamente para personas de 10 años y más.","Si recibió pero no sabe el monto, escriba 98. Si marca 1 (Sí), registrar el valor recibido e indagar si lo incluyó en la pregunta 14. Solo se contabilizan subsidios en dinero, no en especie (p. ej. el subsidio familiar). Solo empleo principal.",https://microdatos.dane.gov.co/index.php/catalog/547/variable/F259/V13472,
F259,P6585S3A1,"¿cuánto? (si recibió pero no sabe el monto, escriba 98)",Continua,Numérico,6,0,98,600000,,20. ¿Cuál o cuáles de los siguientes subsidios recibió ... el mes pasado: c. Subsidio Familiar? a. ¿cuánto? $____________,"El universo para la Gran Encuesta Integrada de Hogares está conformado por la población civil no institucional, residente en todo el territorio nacional; va dirigida a todos los hogares encontrados en la vivienda y solamente para personas de 10 años y más que hayan marcado la opción 1(Si) en la pregunta 20c.(P6585S3) del capítulo I. OCUPADOS.","Se responde solo si marcó 1 (Sí) en 20c (P6585S3). Si recibió pero no sabe el monto, escriba 98. Objeto: conocer dineros por subsidios de los asalariados. Solo subsidios en dinero; solo empleo principal.",https://microdatos.dane.gov.co/index.php/catalog/547/variable/F259/V13473,
F259,P6585S3A2,¿incluyo este valor en los ingresos del mes pasado que me declaró anteriormente?,Discreta,Numérico,1,0,1,2,1=Sí; 2=No,20. ¿Cuál o cuáles de los siguientes subsidios recibió ... el mes pasado: c. Subsidio Familiar? b. ¿Incluyó este valor en los ingresos del mes pasado ($ ____) que me declaró anteriormente? 1 Sí 2 No,"El universo para la Gran Encuesta Integrada de Hogares está conformado por la población civil no institucional, residente en todo el territorio nacional; va dirigida a todos los hogares encontrados en la vivienda y solamente para personas de 10 años y más que hayan marcado la opción 1(Si) en la pregunta 20c.(P6585S3) del capítulo I. OCUPADOS.","Se responde solo si marcó 1 (Sí) en 20c (P6585S3). Solo cuentan subsidios en dinero, no en especie. Empleados del gobierno con 1-2 SMMLV: auxilio de transporte y alimentación; hasta $950.804: subsidio de alimentación. Solo empleo principal.",https://microdatos.dane.gov.co/index.php/catalog/547/variable/F259/V13474,
F259,P6585S4,Subsidio educativo?,Discreta,Numérico,1,0,1,9,"1=Sí; 2=No; 9=No sabe, no informa",20. ¿Cuál o cuáles de los siguientes subsidios recibió ... el mes pasado: d. Subsidio Educativo?,"El universo para la Gran Encuesta Integrada de Hogares está conformado por la población civil no institucional, residente en todo el territorio nacional; va dirigida a todos los hogares encontrados en la vivienda y solamente para personas de 10 años y más.","Si recibió pero no sabe el monto, escriba 98. Si marca 1 (SI), registrar el valor recibido e indagar si lo incluyó en la pregunta 14 del capítulo I. Ocupados. Solo se contabilizan subsidios recibidos en dinero, no en especie.",https://microdatos.dane.gov.co/index.php/catalog/547/variable/F259/V13475,
F259,P6585S4A1,"¿cuánto recibió? (si recibió pero no sabe el monto, escriba 98)",Continua,Numérico,8,0,98,4500000,,20. ¿Cuál o cuáles de los siguientes subsidios recibió ... el mes pasado: d. Subsidio Educativo? a. ¿cuánto? $____________,"El universo para la Gran Encuesta Integrada de Hogares está conformado por la población civil no institucional, residente en todo el territorio nacional; va dirigida a todos los hogares encontrados en la vivienda y solamente para personas de 10 años y más que hayan marcado la opción 1(Si) en la pregunta 20d.(P6585S4) del capítulo I. OCUPADOS.","Se responde solo si marcó 1 (Sí) en 20d (P6585S4). Si recibió pero no sabe el monto, escriba 98. Registrar el valor e indagar si lo incluyó en la pregunta 14. Solo subsidios en dinero, no en especie; reglas para empleados del gobierno; solo empleo principal.",https://microdatos.dane.gov.co/index.php/catalog/547/variable/F259/V13476,
F259,P6585S4A2,¿incluyo este valor en los ingresos del mes pasado que me declaró anteriormente?,Discreta,Numérico,1,0,1,2,1=Sí; 2=No,20. ¿Cuál o cuáles de los siguientes subsidios recibió ... el mes pasado: d. Subsidio Educativo? b. ¿Incluyó este valor en los ingresos del mes pasado ($ ____) que me declaró anteriormente?,"El universo para la Gran Encuesta Integrada de Hogares está conformado por la población civil no institucional, residente en todo el territorio nacional; va dirigida a todos los hogares encontrados en la vivienda y solamente para personas de 10 años y más que hayan marcado la opción 1(Si) en la pregunta 20d.(P6585S4) del capítulo I. OCUPADOS.","Se responde solo si marcó 1 (Sí) en 20d (P6585S4) del capítulo I. Ocupados. Si recibió pero no sabe el monto, escriba 98. Objeto: conocer dineros por subsidios de los asalariados. Solo subsidios en dinero; solo empleo principal.",https://microdatos.dane.gov.co/index.php/catalog/547/variable/F259/V13477,
F259,P6545,"Primas(técnica, de antigüedad, clima, orden público, otras , etc)",Discreta,Numérico,1,0,1,9,"1=Sí; 2=No; 9=No sabe, no informa","21. El mes pasado recibió ...: a. Primas? (técnica, de antigüedad, clima, orden público, otras, etc.) 1 Sí 2 No 9 No sabe, no informa","El universo para la Gran Encuesta Integrada de Hogares está conformado por la población civil no institucional, residente en todo el territorio nacional; va dirigida a todos los hogares encontrados en la vivienda y solamente para personas de 10 años y más.","Si recibió pero no sabe estimar el monto, escriba 98. Si marca 1 (SI), registrar el valor por cada concepto e indagar si lo incluyó en la pregunta 14 del capítulo I. Ocupados. A quien no sabe especificar el monto de primas o bonificaciones no se le calcula: código 98.",https://microdatos.dane.gov.co/index.php/catalog/547/variable/F259/V13478,
F259,P6545S1,¿cuánto?,Continua,Numérico,7,0,98,7000000,,"21. El mes pasado recibió ...: a. Primas? (técnica, de antigüedad, clima, orden público, otras, etc.) a. ¿cuánto? $____________","El universo para la Gran Encuesta Integrada de Hogares está conformado por la población civil no institucional, residente en todo el territorio nacional; va dirigida a todos los hogares encontrados en la vivienda y solamente para personas de 10 años y más que hayan marcado la opción 1(Si) en la pregunta 21a.(P6545) del capítulo I. OCUPADOS.","Se responde solo si marcó 1 (Sí) en 21a (P6545). Si recibió pero no sabe estimar el monto, escriba 98; a quien no sabe especificar el monto de primas o bonificaciones no se le calcula el valor, se asigna código 98.",https://microdatos.dane.gov.co/index.php/catalog/547/variable/F259/V13479,
F259,P6545S2,¿incluyo esta valor en los ingresos del mes pasado que me declaro anteriormente?,Discreta,Numérico,1,0,1,2,1=Sí; 2=No,"21. El mes pasado recibió ...: a. Primas? (técnica, de antigüedad, clima, orden público, otras, etc.) b. ¿Incluyó este valor en los ingresos del mes pasado ($ ____) que me declaró anteriormente?","El universo para la Gran Encuesta Integrada de Hogares está conformado por la población civil no institucional, residente en todo el territorio nacional; va dirigida a todos los hogares encontrados en la vivienda y solamente para personas de 10 años y más que hayan marcado la opción 1(Si) en la pregunta 21a.(P6545) del capítulo I. OCUPADOS.","Se responde solo si marcó 1 (Sí) en 21a (P6545) del capítulo I. Ocupados. Si recibió pero no sabe estimar el monto, escriba 98; no se calcula el valor para quien no sabe especificarlo (código 98).",https://microdatos.dane.gov.co/index.php/catalog/547/variable/F259/V13480,
F259,P6580,El mes pasado recibió ... Bonificaciones mensuales?,Discreta,Numérico,1,0,1,9,"1=Sí; 2=No; 9=No sabe, no informa",21. El mes pasado recibió ...: b. Algún tipo de bonificación de carácter mensual?,"El universo para la Gran Encuesta Integrada de Hogares está conformado por la población civil no institucional, residente en todo el territorio nacional; va dirigida a todos los hogares encontrados en la vivienda y solamente para personas de 10 años y más.","Si recibió pero no sabe estimar el monto, escriba 98. Si marca 1 (SI), registrar el valor por cada concepto e indagar si lo incluyó en la pregunta 14 del capítulo I. Ocupados. A quien no sabe especificar el monto de primas o bonificaciones no se le calcula: código 98.",https://microdatos.dane.gov.co/index.php/catalog/547/variable/F259/V13481,
F259,P6580S1,¿cuánto recibió el mes pasado?,Continua,Numérico,7,0,98,5000000,,21. El mes pasado recibió ...: b. Algún tipo de bonificación de carácter mensual? a. ¿cuánto? $____________,"El universo para la Gran Encuesta Integrada de Hogares está conformado por la población civil no institucional, residente en todo el territorio nacional; va dirigida a todos los hogares encontrados en la vivienda y solamente para personas de 10 años y más que hayan marcado la opción 1(Si) en la pregunta 21b.(P6580) del capítulo I. OCUPADOS.","Se responde solo si marcó 1 (Sí) en 21b (P6580). Si recibió pero no sabe estimar el monto, escriba 98. Registrar el valor recibido por cada concepto e indagar si lo incluyó en la pregunta 14 del capítulo I. Ocupados.",https://microdatos.dane.gov.co/index.php/catalog/547/variable/F259/V13482,
F259,P6580S2,¿incluyó este valor en los ingresos del mes pasado que me declaró anteriormente?,Discreta,Numérico,1,0,1,2,1=Sí; 2=No,¿Incluyó este valor en los ingresos del mes pasado ($ ____) que me declaró anteriormente?,"El universo para la Gran Encuesta Integrada de Hogares está conformado por la población civil no institucional, residente en todo el territorio nacional; va dirigida a todos los hogares encontrados en la vivienda y solamente para personas de 10 años y más que hayan marcado la opción 1(Si) en la pregunta 21b.(P6580) del capítulo I. OCUPADOS.","Se responde solo si marcó 1 (Sí) en 21b (P6580). Si marca 1, registrar el valor recibido por cada concepto e indagar si lo incluyó o no en la pregunta 14.",https://microdatos.dane.gov.co/index.php/catalog/547/variable/F259/V13483,
F259,P6630S1,Prima de servicios?,Discreta,Numérico,1,0,1,2,1=Sí; 2=No,22. En los últimos 12 meses recibió: a. Prima de servicios?,"El universo para la Gran Encuesta Integrada de Hogares está conformado por la población civil no institucional, residente en todo el territorio nacional; va dirigida a todos los hogares encontrados en la vivienda y solamente para personas de 10 años y más.","Si recibió pero no sabe el monto, escriba 98. Si marca 1 (SI), registrar el valor recibido por cada concepto; no acepta códigos 00 ni 99, solo código 98.",https://microdatos.dane.gov.co/index.php/catalog/547/variable/F259/V13484,
F259,P6630S1A1,"¿cuánto recibió? (si recibió pero no sabe el monto, escriba 98)",Continua,Numérico,8,0,98,70000000,,22. En los últimos 12 meses recibió: a. Prima de servicios? a. ¿cuánto recibió? $___________,"El universo para la Gran Encuesta Integrada de Hogares está conformado por la población civil no institucional, residente en todo el territorio nacional; va dirigida a todos los hogares encontrados en la vivienda y solamente para personas de 10 años y más que hayan marcado la opción 1(Sí) en la pregunta 22a(P6630S1) del capítulo I. OCUPADOS.","Se responde solo si marcó 1 (Sí) en 22a (P6630S1). Si recibió pero no sabe el monto, escriba 98. Registrar el valor recibido por cada concepto; no acepta códigos 00 ni 99, solo código 98.",https://microdatos.dane.gov.co/index.php/catalog/547/variable/F259/V13485,
F259,P6630S2,Prima de navidad?,Discreta,Numérico,1,0,1,2,1=Sí; 2=No,22. En los últimos 12 meses recibió: b. Prima de navidad? 1 Sí 2 No,"El universo para la Gran Encuesta Integrada de Hogares está conformado por la población civil no institucional, residente en todo el territorio nacional; va dirigida a todos los hogares encontrados en la vivienda y solamente para personas de 10 años y más.","Si recibió pero no sabe el monto, escriba 98. Si marca 1 (SI), registrar el valor recibido por cada concepto; no acepta códigos 00 ni 99, solo código 98.",https://microdatos.dane.gov.co/index.php/catalog/547/variable/F259/V13486,
F259,P6630S2A1,"¿cuánto recibió? (si recibió pero no sabe el monto, escriba 98)",Continua,Numérico,8,0,98,17800000,,22. En los últimos 12 meses recibió: b. Prima de navidad? a. ¿cuánto recibió? $___________,"El universo para la Gran Encuesta Integrada de Hogares está conformado por la población civil no institucional, residente en todo el territorio nacional; va dirigida a todos los hogares encontrados en la vivienda y solamente para personas de 10 años y más que hayan marcado la opción 1(Sí) en la pregunta 22b.","Se responde solo si marcó 1 (Sí) en 22b (P6630S2). Si recibió pero no sabe el monto, escriba 98. Registrar el valor recibido por cada concepto; no acepta códigos 00 ni 99, solo código 98.",https://microdatos.dane.gov.co/index.php/catalog/547/variable/F259/V13487,
F259,P6630S3,Prima de vacaciones?,Discreta,Numérico,1,0,1,2,1=Sí; 2=No,22. En los últimos 12 meses recibió: c. Prima de vacaciones?,"El universo para la Gran Encuesta Integrada de Hogares está conformado por la población civil no institucional, residente en todo el territorio nacional; va dirigida a todos los hogares encontrados en la vivienda y solamente para personas de 10 años y más.","Si recibió pero no sabe el monto, escriba 98. Si marca 1 (SI), registrar el valor recibido por cada concepto; no acepta códigos 00 ni 99, solo código 98.",https://microdatos.dane.gov.co/index.php/catalog/547/variable/F259/V13488,
F259,P6630S3A1,"¿cuánto recibió? (si recibió pero no sabe el monto, escriba 98)",Continua,Numérico,8,0,98,15000000,,22. En los últimos 12 meses recibió: c. Prima de vacaciones? a. ¿cuánto recibió? $_________,"El universo para la Gran Encuesta Integrada de Hogares está conformado por la población civil no institucional, residente en todo el territorio nacional; va dirigida a todos los hogares encontrados en la vivienda y solamente para personas de 10 años y más que hayan marcado la opción 1(Sí) en la pregunta 22c.(P6630S3) del capítulo I. OCUPADOS.","Se responde solo si marcó 1 (Sí) en 22c (P6630S3). Si recibió pero no sabe el monto, escriba 98. Registrar el valor recibido por cada concepto; no acepta códigos 00 ni 99, solo código 98.",https://microdatos.dane.gov.co/index.php/catalog/547/variable/F259/V13489,
F259,P6630S4,Viáticos permanentes y/o bonificaciones anuales?,Discreta,Numérico,1,0,1,2,1=Sí; 2=No,22. En los últimos 12 meses recibió: d. Viáticos permanentes y/o bonificaciones anuales?,"El universo para la Gran Encuesta Integrada de Hogares está conformado por la población civil no institucional, residente en todo el territorio nacional; va dirigida a todos los hogares encontrados en la vivienda y solamente para personas de 10 años y más.","Si recibió pero no sabe el monto, escriba 98. Si marca 1 (SI), registrar el valor recibido por cada concepto; no acepta códigos 00 ni 99, solo código 98.",https://microdatos.dane.gov.co/index.php/catalog/547/variable/F259/V13490,
F259,P6630S4A1,"¿cuánto recibió? (si recibió pero no sabe el monto, escriba 98)",Continua,Numérico,8,0,98,35000000,,22. En los últimos 12 meses recibió: d. Viáticos permanentes y/o bonificaciones anuales? a. ¿cuánto recibió? $_________,"El universo para la Gran Encuesta Integrada de Hogares está conformado por la población civil no institucional, residente en todo el territorio nacional; va dirigida a todos los hogares encontrados en la vivienda y solamente para personas de 10 años y más qu hayan marcado la opción 1(Sí) en la pregunta 22d.(P6630S4) del capítulo I. OCUPADOS.","Se responde solo si marcó 1 (Sí) en 22d (P6630S4). Si recibió pero no sabe el monto, escriba 98. Registrar el valor recibido por cada concepto; no acepta códigos 00 ni 99, solo código 98.",https://microdatos.dane.gov.co/index.php/catalog/547/variable/F259/V13491,
F259,P6630S6,Pagos por accidentes de trabajo,Discreta,Numérico,1,0,1,2,1=Sí; 2=No,22. En los últimos 12 meses recibió: e. Pagos por accidentes de trabajo,"El universo para la Gran Encuesta Integrada de Hogares está conformado por la población civil no institucional, residente en todo el territorio nacional; va dirigida a todos los hogares encontrados en la vivienda y solamente para personas de 10 años y más.","Si recibió pero no sabe el monto, escriba 98. Si marca 1 (SI), registrar el valor recibido por cada concepto; no acepta códigos 00 ni 99, solo código 98.",https://microdatos.dane.gov.co/index.php/catalog/547/variable/F259/V13492,
F259,P6630S6A1,Cuánto recibió,Continua,Numérico,8,0,98,16000000,,22. En los últimos 12 meses recibió: e. Pagos por accidentes de trabajo a. ¿cuánto recibió? $___________,"El universo para la Gran Encuesta Integrada de Hogares está conformado por la población civil no institucional, residente en todo el territorio nacional; va dirigida a todos los hogares encontrados en la vivienda y solamente para personas de 10 años y más que hayan marcado la opción 1(Sí) en la pregunta 22e.(P6630S6) del capítulo I. OCUPADOS.","Se responde solo si marcó 1 (Sí) en 22e (P6630S6). Si recibió pero no sabe el monto, escriba 98. Registrar el valor recibido por cada concepto; no acepta códigos 00 ni 99, solo código 98.",https://microdatos.dane.gov.co/index.php/catalog/547/variable/F259/V13493,
F259,P6750,"¿cuál fue la ganancia neta o los honorarios netos de ... Esa actividad, negocio, profesión o finca, el mes pasado?",Continua,Numérico,8,0,0,30000000,,"¿Cuál fue la ganancia neta o los honorarios netos de ... en esa actividad, negocio, profesión o finca, el mes pasado?",Población civil no institucional residente en territorio nacional; dirigida a hogares y personas de 10 años y más.,Si no obtuvo ganancia escriba 00; si obtuvo pero no sabe el monto escriba 98; si no sabe si obtuvo escriba 99. Ganancia neta = ingresos menos gastos operacionales (excluye gastos personales). Incluir autosuministro a precios comerciales; independientes sin descontar retención en la fuente.,https://microdatos.dane.gov.co/index.php/catalog/547/variable/F259/V13502,
F259,P6760,¿a cuántos meses corresponde lo que recibió?,Continua,Numérico,2,0,0,98,,¿A cuántos meses corresponde lo que recibió?,"Población civil no institucional residente en territorio nacional, hogares en viviendas, personas de 10 años y más.",Registrar el número de meses a que corresponden los honorarios o la ganancia neta declarados en la pregunta anterior (P6750). Acepta únicamente valores entre 01 y 12 meses.,https://microdatos.dane.gov.co/index.php/catalog/547/variable/F259/V13503,
F259,P550,¿cuál fue la ganancia neta del negocio o de la cosecha durante los últimos 12 meses?,Discreta,Numérico,7,0,,,,¿Cuál fue la ganancia neta del negocio o de la cosecha durante los últimos doce meses?,Población civil no institucional residente en territorio nacional; dirigida a hogares y personas de 10 años y más,Solo para centros poblados y área rural dispersa. Si no obtuvo ganancia escriba 00; si obtuvo pero no sabe el monto escriba 98; si no sabe si obtuvo escriba 99. Convertir ingresos diarios/semanales/mensuales a valor anual; totalizar cosechas de 12 meses; incluir autoconsumo a precios de mercado.,https://microdatos.dane.gov.co/index.php/catalog/547/variable/F259/V13504,Rango mostrado en la página como '-' (vacío). Nombre tomado del encabezado 'P550'.
F259,P6800,¿cuántas horas a la semana trabaja normalmente ... En ese trabajo?,Continua,Numérico,3,0,1,126,,31. ¿Cuántas horas a la semana trabaja normalmente.... en ese trabajo ? Horas ____,"Población civil no institucional, residente en todo el territorio nacional; dirigida a todos los hogares encontrados en la vivienda y solamente para personas de 10 años y más.","Indagar horas trabajadas normalmente por semana, excluyendo horas adicionales o no trabajadas; en actividades eventuales usar la semana de referencia. Incluir tiempo en negocio propio aunque no haya ventas. Números enteros (30+ minutos = 1 hora). Excluir comidas y traslados.",https://microdatos.dane.gov.co/index.php/catalog/547/variable/F259/V13516,
F259,P6850,¿cuántas horas trabajó durante la semana pasada en este trabajo?,Continua,Numérico,3,0,0,126,,33. ¿Cuántas horas trabajó durante la semana pasada en este trabajo? Horas _____,"población civil no institucional, residente en todo el territorio nacional; va dirigida a todos los hogares encontrados en la vivienda y solamente para personas de 10 años y más","Excluir interrupciones para comidas, tiempo de desplazamiento al trabajo y, para docentes, las horas en domicilio preparando clases. Si reporta horas diarias, indagar días laborados. La sumatoria de las horas registradas no puede ser mayor a 126.",https://microdatos.dane.gov.co/index.php/catalog/547/variable/F259/V13519,
F259,P6870,"¿cuántas personas en total tiene la empresa, negocio, industria, oficina, firma o finca o sitio donde ... Trabaja?",Discreta,Numérico,1,0,1,9,1=Trabaja solo; 2=2 a 3 personas; 3=4 a 5 personas; 4=6 a 10 personas; 5=11 a 19 personas; 6=20 a 30 personas; 7=31 a 50 personas; 8=51 a 100 personas; 9=101 o más personas,"36. ¿Cuántas personas en total tiene la empresa, negocio, industria, oficina, firma, finca o sitio donde ..... trabaja?","La población civil no institucional, residente en todo el territorio nacional; dirigida a hogares y personas de 10 años y más.","Incluye todas las sucursales o agencias; docentes oficiales: contar el Ministerio de Educación, no el colegio; colegios privados: sumar todas las sedes. Independientes van en categorías distintas de 1 solo si tienen socios, trabajadores familiares o son contratistas del Estado.",https://microdatos.dane.gov.co/index.php/catalog/547/variable/F259/V13522,
F259,P6920,¿está ... Cotizando actualmente a un fondo de pensiones?,Discreta,Numérico,1,0,1,3,1=Sí; 2=No; 3=Ya es pensionado,39. ¿Está... cotizando actualmente a un fondo de pensiones?,La población civil no institucional residente en territorio nacional; dirigida a todos los hogares y personas de 10 años y más.,"Diligenciar para todos los ocupados. Marcar 1 solo cuando la persona informa que actualmente se encuentra cotizando para pensiones. Los pensionados marcan 3 aunque continúen trabajando. Incluye afiliados a regímenes especiales (fuerzas militares, policía, Ecopetrol, etc.).",https://microdatos.dane.gov.co/index.php/catalog/547/variable/F259/V13527,
F259,P7040,"Además de la ocupación principal, ¿... Tenía la semana pasada otro trabajo o negocio?",Discreta,Numérico,1,0,1,2,1=Sí; 2=No,"Además de la ocupación principal, ¿.... tenía la semana pasada otro trabajo o negocio?",Población civil no institucional residente en territorio nacional; personas de 10 años y más que marcaron opción 2 en P7020 o P7028 del capítulo OCUPADOS.,"Se responde solo si marcó opción 2 en P7020 o P7028. Si responde Sí continúe; si No, pase a P7090. Incluya aquellos trabajos de los que estuvo ausente. Segundo empleo: trabajo remunerado de mínimo 1 hora o trabajo familiar sin remuneración.",https://microdatos.dane.gov.co/index.php/catalog/547/variable/F259/V13548,
F259,P7045,¿Cuántas horas trabajó ... la semana pasada en ese segundo trabajo?,Continua,Numérico,2,0,0,75,,50. ¿Cuántas horas trabajó ... la semana pasada en ese segundo trabajo?,Población civil no institucional residente en territorio nacional; personas de 10 años y más que reportaron tener un segundo trabajo o negocio.,"Si no trabajó escriba 00; si trabajó pero no sabe cuántas horas escriba 98; si no sabe si trabajó escriba 99. Horas efectivas trabajadas, excluyendo ausencias por permisos, enfermedad, vacaciones o festivos, e incluyendo horas adicionales.",https://microdatos.dane.gov.co/index.php/catalog/547/variable/F259/V13550,
F259,P7050,En ese segundo trabajo ... Es:,Discreta,Numérico,1,0,1,9,1=Obrero o empleado de empresa particular; 2=Obrero o empleado del gobierno; 3=Empleado doméstico; 4=Trabajador por cuenta propia; 5=Patrón o empleador; 6=Trabajador familiar sin remuneración; 7=Trabajador sin remuneración en empresas o negocios de otros hogares; 8=Jornalero o peón; 9=Otro,En ese segundo trabajo…..es:,"Población civil no institucional, residente en territorio nacional; dirigida a hogares y personas de 10 años y más",Posición ocupacional en el segundo trabajo. Las categorías de trabajo sin remuneración (6 y 7) pasan a la pregunta P7075. Se dan definiciones detalladas de cada categoría.,https://microdatos.dane.gov.co/index.php/catalog/547/variable/F259/V13551,
F259,P7070,¿cuánto recibio o ganó ... El mes pasado en ese segundo trabajo?,Continua,Numérico,8,0,0,9500000,,¿Cuánto recibió o ganó ….. el mes pasado en ese segundo trabajo o negocio? Valor mes pasado $_______________________,Población civil no institucional residente en territorio nacional; personas de 10 años y más en hogares encontrados en viviendas.,"Si no recibió escriba 00; si recibió pero no sabe el monto 98; si no sabe si recibió 99. Incluir pagos en dinero y especie con estimación mensual; convertir otras periodicidades a mensual. Independientes con ganancias variables: promedio mensual (últimos 12 meses/12, semestre/6 o 3 meses/3).",https://microdatos.dane.gov.co/index.php/catalog/547/variable/F259/V13553,
F259,P7090,Además de la horas que trabaja actualmente ¿... Quiere trabajar más horas?,Discreta,Numérico,1,0,1,2,1=Sí; 2=No,Además de las horas que trabaja actualmente ¿...... quiere trabajar más horas?,Población civil no institucional residente en territorio nacional; personas de 10 años y más que hayan marcado opción 2 en pregunta P7040 o pregunta P7090 del capítulo I. OCUPADOS.,"Captura el subempleo visible. Trabajar más horas puede significar dedicar más horas al trabajo actual, conseguir otro trabajo adicional o cambiar el actual por uno de más horas. Si 1 (Sí) continúe con la siguiente pregunta; si 2 (No) siga el flujo de la pregunta 59.",https://microdatos.dane.gov.co/index.php/catalog/547/variable/F259/V13559,
F259,P7110,"Durante las ultimas 4 semanas, ¿... Hizo diligencias para trabajar más horas?",Discreta,Numérico,1,0,1,2,1=Sí; 2=No,"Durante las ÚLTIMAS 4 SEMANAS, ¿ ...... hizo diligencias para trabajar más horas? (Dedicar más horas al trabajo actual, buscar un trabajo adicional o cambiar su trabajo actual por otro con más horas)","Población civil no institucional, residente en territorio nacional; de 10 años y más","La búsqueda de más horas de trabajo puede ser en el mismo empleo (hablar con el jefe, hacer diligencias para tener más clientes). Mide la presión de los subempleados por más horas de trabajo.",https://microdatos.dane.gov.co/index.php/catalog/547/variable/F259/V13561,
F259,P7120,Si la semana pasada le hubiera resultado la posibilidad de trabajar más horas ¿estaba ... Disponible para hacerlo?,Discreta,Numérico,1,0,1,2,1=Sí; 2=No,Si la semana pasada le hubiera resultado la posibilidad de trabajar más horas ¿ estaba...... disponible para hacerlo?,"Población civil no institucional, residente en territorio nacional; dirigida a hogares y personas de 10 años y más",Esta pregunta indaga por la posibilidad de las personas subempleadas de trabajar más horas.,https://microdatos.dane.gov.co/index.php/catalog/547/variable/F259/V13562,
F259,P7140S1,Para mejorar la utilización de sus capacidades o formación?,Discreta,Numérico,1,0,1,2,1=Sí; 2=No,¿Por que motivos ....... desea cambiar de trabajo o empleo: a. Para mejorar la utilización de sus capacidades o formación? 1 Sí 2 No,Población civil no institucional residente en territorio nacional; personas de 10 años y más que respondieron afirmativamente a la pregunta 59 (P7130) del capítulo OCUPADOS.,"Lea las alternativas. Se responde solo si marcó Sí en la pregunta 59 (P7130). Una respuesta afirmativa, junto con las alternativas de mejorar ingresos o reducir horas, clasifica a la persona como subempleada.",https://microdatos.dane.gov.co/index.php/catalog/547/variable/F259/V13565,
F259,P7140S2,Desea mejorar sus ingresos?,Discreta,Numérico,1,0,1,2,1=Sí; 2=No,¿Por que motivos ....... desea cambiar de trabajo o empleo: b. Desea mejorar sus ingresos?,Población civil no institucional residente en territorio nacional; personas de 10 años y más que hayan marcado opción Sí en pregunta 59 (P7130) del capítulo OCUPADOS.,"Lea las alternativas. Se responde solo si marcó opción 1 (Sí) en la pregunta 59 (P7130). Si responde Sí en esta alternativa, la persona se clasifica como subempleada.",https://microdatos.dane.gov.co/index.php/catalog/547/variable/F259/V13566,
F259,P7150,"Durante las ultimas 4 semanas, ¿... Hizo diligencias para cambiar de trabajo?",Discreta,Numérico,1,0,1,2,1=Sí; 2=No,"Durante las ÚLTIMAS 4 SEMANAS, ¿...... hizo diligencias para cambiar de trabajo?","Población civil no institucional, residente en todo el territorio nacional; va dirigida a todos los hogares encontrados en la vivienda y solamente para personas de 10 años y más.","Esta pregunta indaga por la búsqueda activa de trabajo, lo que permitirá medir la presión efectiva de los subempleados sobre el mercado laboral (ayuda de contactos, respuesta a avisos, solicitudes de empleo).",https://microdatos.dane.gov.co/index.php/catalog/547/variable/F259/V13575,
F259,P7160,Si le resultara un nuevo trabajo o empleo a ... ¿podría empezar a desempeñarlo antes de un mes?,Discreta,Numérico,1,0,1,9,"1=Sí; 2=No; 9=No sabe, no informa",Si le resultara un nuevo trabajo o empleo a...¿podría empezar a desempeñarlo antes de un mes?,"Población civil no institucional, residente en territorio nacional; dirigida a hogares y personas de 10 años y más",Esta pregunta permite conocer la disponibilidad de las personas subempleadas para cambiar el empleo que tienen actualmente.,https://microdatos.dane.gov.co/index.php/catalog/547/variable/F259/V13576,
F259,OFICIO,¿qué hace ... En este trabajo?,Discreta,Carácter,2,,,,,¿Qué hace……en este trabajo? Código ________,"El universo para la Gran Encuesta Integrada de Hogares está conformado por la población civil no institucional, residente en todo el territorio nacional; va dirigida a todos los hogares encontrados en la vivienda y solamente para personas de 10 años y más que hayan marcado alguna de las siguientes alternativas del capítulo H. FUERZA DE TRABAJO: Pregunta 2(P6240) opción 1(a. Trabajando), Pregunta 3(P6250) opción 2(Si), Pregunta 4(P6260) opción 2(Si) ó la Pregunta 5(P6270) opción 2(Si).","La codificación se hace de acuerdo con la Clasificación Nacional de Ocupaciones (CNO) del SENA 1970, tomada de los subgrupos ocupacionales. La respuesta debe especificar claramente el tipo de trabajo o tareas; anotaciones vagas, generales o abreviadas no son satisfactorias.",https://microdatos.dane.gov.co/index.php/catalog/547/variable/F259/V13585,"La página no muestra tabla de categorías, decimales ni rango."
F259,RAMA2D,¿a qué actividad se dedica principalmente la empresa o negocio en la que ... Realiza su trabajo?,Discreta,Carácter,2,,,,,3. ¿A qué actividad se dedica principalmente la empresa o negocio en la que…… realiza su trabajo?,"La población civil no institucional, residente en todo el territorio nacional; va dirigida a todos los hogares encontrados en la vivienda y solamente para personas de 10 años y más.","La rama de actividad se define de acuerdo al producto, bien o servicio principal producido o prestado por la empresa o negocio. Anotar la función general y la específica. Codificación CIIU revisión 3 adaptada para Colombia, desagregada a 2 dígitos.",https://microdatos.dane.gov.co/index.php/catalog/547/variable/F259/V13586,"La página no muestra tabla de categorías, decimales ni rango."
F259,OCI,Población ocupada,Discreta,Numérico,1,0,1,1,1=Población ocupada,Población Ocupada,"Población civil no institucional, residente en todo el territorio nacional","Informante directo para personas de 18 años y más y para las de 10 a 17 que trabajen o busquen trabajo; para los demás, informante idóneo del hogar (18+). No se acepta información de empleados domésticos, pensionistas, vecinos ni menores, salvo jefes de hogar o cónyuges menores.",https://microdatos.dane.gov.co/index.php/catalog/547/variable/F259/V13587,
F259,P6430,En este trabajo ... Es:,Discreta,Numérico,1,0,1,9,1=Obrero o empleado de empresa particular; 2=Obrero o empleado del gobierno; 3=Empleado doméstico; 4=Trabajador por cuenta propia; 5=Patrón o empleador; 6=Trabajador familiar sin remuneración; 7=Trabajador sin remuneración en empresas o negocios de otros hogares; 8=Jornalero o peón; 9=Otro,12. En este trabajo…..es:,"Población civil no institucional, residente en territorio nacional; dirigida a todos los hogares en viviendas y personas de 10 años y más",Lea las alternativas. Instrucciones de flujo según la opción marcada; definiciones detalladas de cada posición ocupacional. Informante directo para 18+ y para 10-17 que trabajen; informante idóneo en los demás casos.,https://microdatos.dane.gov.co/index.php/catalog/547/variable/F259/V13588,
F259,INGLABO,Ingresos laborales,Continua,Numérico,8,0,0,30000000,,Ingresos Laborales,"La población civil no institucional, residente en todo el territorio nacional",Hace referencia a la variable de ingresos laborales. La encuesta utiliza informante directo para personas de 18 años y más y para las de 10 a 17 que trabajen o estén buscando trabajo; para los demás se acepta informante idóneo.,https://microdatos.dane.gov.co/index.php/catalog/547/variable/F259/V13592,
F259,MES,Mes,Discreta,Carácter,2,,,,,Mes,"La población civil no institucional, residente en todo el territorio nacional",Hace referencia al mes en que fue recolectada la información de la encuesta.,https://microdatos.dane.gov.co/index.php/catalog/547/variable/F259/V13593,"Etiqueta tomada del encabezado 'Mes (MES)'. La página no muestra categorías, decimales ni rango."
F259,DPTO,Departamento,Discreta,Carácter,2,,,,"05=Antioquia; 08=Atlántico; 11=Bogotá, d.C.; 13=Bolívar; 17=Caldas; 23=Córdoba; 50=Meta; 52=Nariño; 54=Norte de santander; 66=Risaralda; 68=Santander; 73=Tolima; 76=Valle del cauca",Departamento,"población civil no institucional, residente en todo el territorio nacional",Informante directo para personas de 18 años y más y para las de 10 a 17 que trabajen o busquen trabajo; para los demás se acepta informante idóneo del hogar mayor de 18 años.,https://microdatos.dane.gov.co/index.php/catalog/547/variable/F259/V13594,La tabla de categorías muestra 13 departamentos.
