variable,tipo,no_nulos,porcentaje_no_nulos,valores_distintos
fila_en_bloque,int64,32177,100.0,3218
directorio,int64,32177,100.0,10403
secuencia_p,int64,32177,100.0,4
orden,int64,32177,100.0,14
clase,int64,32177,100.0,1
dominio,object,32177,100.0,1
mes,int64,32177,100.0,12
estrato1,int64,32177,100.0,6
sex,int64,32177,100.0,2
age,int64,32177,100.0,102
p6050,int64,32177,100.0,9
p6090,float64,27289,84.8090250800261,3
p6100,float64,24699,76.75979737079281,4
p6210,float64,31066,96.54722317183081,7
p6210s1,float64,27289,84.8090250800261,17
p6240,float64,27289,84.8090250800261,6
oficio,float64,16682,51.844485191285706,80
p6426,float64,16682,51.844485191285706,263
relab,float64,16682,51.844485191285706,9
p6500,float64,10628,33.02980389719365,661
p6510,float64,10628,33.02980389719365,3
p6510s1,float64,10618,32.9987257979302,91
p6510s2,float64,895,2.7814898840786895,2
p6545,float64,10628,33.02980389719365,3
p6545s1,float64,10616,32.99251017807751,43
p6545s2,float64,95,0.29524194300276596,2
p6580,float64,10628,33.02980389719365,3
p6580s1,float64,10624,33.017372657488266,78
p6580s2,float64,366,1.137458433042235,2
p6585s1,float64,10628,33.02980389719365,3
p6585s1a1,float64,10622,33.01115703763558,82
p6585s1a2,float64,407,1.2648786400223762,2
p6585s2,float64,10628,33.02980389719365,3
p6585s2a1,float64,10574,32.86198216117102,117
p6585s2a2,float64,5471,17.002828107032975,2
p6585s3,float64,10628,33.02980389719365,3
p6585s3a1,float64,10612,32.98007893837213,139
p6585s3a2,float64,2301,7.151070640519626,2
p6585s4,float64,10628,33.02980389719365,3
p6585s4a1,float64,10628,33.02980389719365,26
p6585s4a2,float64,38,0.11809677720110638,2
p6590,float64,10628,33.02980389719365,3
p6590s1,float64,10628,33.02980389719365,125
p6600,float64,10628,33.02980389719365,3
p6600s1,float64,10628,33.02980389719365,20
p6610,float64,10628,33.02980389719365,3
p6610s1,float64,10628,33.02980389719365,62
p6620,float64,10628,33.02980389719365,3
p6620s1,float64,10628,33.02980389719365,47
p6630s1,float64,10628,33.02980389719365,2
p6630s1a1,float64,10628,33.02980389719365,400
p6630s2,float64,10628,33.02980389719365,2
p6630s2a1,float64,10628,33.02980389719365,98
p6630s3,float64,10628,33.02980389719365,2
p6630s3a1,float64,10628,33.02980389719365,78
p6630s4,float64,10628,33.02980389719365,2
p6630s4a1,float64,10628,33.02980389719365,89
p6630s6,float64,10628,33.02980389719365,2
p6630s6a1,float64,10628,33.02980389719365,19
p6750,float64,4904,15.240699878795413,234
p6760,float64,5782,17.96935699412624,5
p550,float64,0,0.0,0
hoursWorkUsual,float64,16682,51.844485191285706,107
p6870,float64,16682,51.844485191285706,9
p6920,float64,16663,51.78543680268515,3
p7040,float64,16682,51.844485191285706,2
hoursWorkActualSecondJob,float64,565,1.755912608384871,33
p7050,float64,612,1.9019796749230817,9
p7070,float64,16650,51.74503527364266,90
p7090,float64,16682,51.844485191285706,2
p7110,float64,1621,5.03775989060509,2
p7120,float64,1621,5.03775989060509,2
p7140s1,float64,3465,10.768561394785095,2
p7140s2,float64,3465,10.768561394785095,2
p7150,float64,3465,10.768561394785095,2
p7160,float64,3465,10.768561394785095,3
p7310,float64,1975,6.137924604531187,2
p7350,float64,1787,5.553656338378345,9
p7422,float64,1787,5.553656338378345,2
p7422s1,float64,1787,5.553656338378345,93
p7472,float64,8632,26.826615284209215,2
p7472s1,float64,8632,26.826615284209215,52
p7495,float64,27289,84.8090250800261,2
p7500s1,float64,3862,12.002361935544021,3
p7500s1a1,float64,27289,84.8090250800261,138
p7500s2,float64,3862,12.002361935544021,3
p7500s2a1,float64,27289,84.8090250800261,267
p7500s3,float64,3862,12.002361935544021,3
p7500s3a1,float64,27289,84.8090250800261,66
p7505,float64,27289,84.8090250800261,2
p7510s1,float64,7835,24.34969077291233,3
p7510s1a1,float64,27289,84.8090250800261,147
p7510s2,float64,7835,24.34969077291233,3
p7510s2a1,float64,27289,84.8090250800261,49
p7510s3,float64,7835,24.34969077291233,3
p7510s3a1,float64,27289,84.8090250800261,113
p7510s5,float64,7835,24.34969077291233,3
p7510s5a1,float64,27289,84.8090250800261,64
p7510s6,float64,7835,24.34969077291233,3
p7510s6a1,float64,27289,84.8090250800261,303
p7510s7,float64,7835,24.34969077291233,3
p7510s7a1,float64,27289,84.8090250800261,253
pet,float64,27289,84.8090250800261,1
ina,float64,8632,26.826615284209215,1
impa,float64,16410,50.99916089131988,3710
isa,float64,16650,51.74503527364266,90
ie,float64,10628,33.02980389719365,183
imdi,float64,425,1.3208192186965844,105
iof1,float64,27289,84.8090250800261,64
iof2,float64,27289,84.8090250800261,266
iof3h,float64,27289,84.8090250800261,191
iof3i,float64,27289,84.8090250800261,97
iof6,float64,27289,84.8090250800261,138
cclasnr2,float64,1459,4.534294682537216,1
cclasnr3,float64,66,0.20511545513876372,1
cclasnr4,float64,274,0.851539919818504,1
cclasnr5,float64,36,0.11188115734841657,1
cclasnr6,float64,253,0.7862759113652609,1
cclasnr7,float64,286,0.8888336389346427,1
cclasnr8,float64,333,1.0349007054728532,1
cclasnr11,float64,179,0.556297976815738,1
impaes,float64,1483,4.608882120769494,549
isaes,float64,66,0.20511545513876372,36
iees,float64,276,0.8577555396711937,77
imdies,float64,36,0.11188115734841657,25
iof1es,float64,254,0.7893837212916058,71
iof2es,float64,287,0.8919414488609877,109
iof3hes,float64,326,1.013146035988439,78
iof3ies,float64,32,0.09944991764303694,21
iof6es,float64,179,0.556297976815738,48
ingtotob,float64,27289,84.8090250800261,4676
ingtotes,float64,2680,8.328930602604345,785
ingtot,float64,27289,84.8090250800261,5355
fex_c,float64,32177,100.0,3536
depto,int64,32177,100.0,1
fex_dpto,float64,32177,100.0,3536
fweight,int64,32177,100.0,409
maxEducLevel,float64,28608,88.90822637287503,7
college,int64,32177,100.0,2
regSalud,float64,24670,76.6696708829288,3
cotPension,float64,16663,51.78543680268515,3
wap,int64,32177,100.0,2
ocu,int64,32177,100.0,2
dsi,int64,32177,100.0,2
pea,int64,32177,100.0,2
inac,int64,32177,100.0,2
totalHoursWorked,float64,16682,51.844485191285706,112
formal,float64,16682,51.844485191285706,2
informal,float64,16682,51.844485191285706,2
cuentaPropia,int64,32177,100.0,2
microEmpresa,float64,16682,51.844485191285706,2
sizeFirm,float64,16682,51.844485191285706,5
y_salary_m,float64,9964,30.96621810610063,660
y_salary_m_hu,float64,9964,30.96621810610063,1390
y_ingLab_m,float64,9964,30.96621810610063,3700
y_horasExtras_m,float64,895,2.7814898840786895,91
y_especie_m,float64,1327,4.124063772259689,125
y_vivienda_m,float64,104,0.3232122323398701,20
y_otros_m,float64,131,0.40712310035118254,47
y_auxilioAliment_m,float64,407,1.2648786400223762,82
y_auxilioTransp_m,float64,5471,17.002828107032975,117
y_subFamiliar_m,float64,2301,7.151070640519626,139
y_subEducativo_m,float64,38,0.11809677720110638,26
y_primas_m,float64,95,0.29524194300276596,43
y_bonificaciones_m,float64,366,1.137458433042235,78
y_primaServicios_m,float64,7207,22.397986139167728,400
y_primaNavidad_m,float64,605,1.8802250054386676,98
y_primaVacaciones_m,float64,579,1.7994219473537,78
y_viaticos_m,float64,399,1.240016160611617,89
y_accidentes_m,float64,35,0.10877334742207168,19
y_salarySec_m,float64,461,1.4327003760450012,89
y_ingLab_m_ha,float64,9964,30.96621810610063,5049
y_gananciaNeta_m,float64,4904,15.240699878795413,237
y_gananciaNetaAgro_m,float64,0,0.0,0
y_gananciaIndep_m,float64,4904,15.240699878795413,237
y_gananciaIndep_m_hu,float64,4904,15.240699878795413,698
y_total_m,float64,14868,46.206917984896045,3772
y_total_m_ha,float64,14868,46.206917984896045,5441
chunk,int64,32177,100.0,10
url_origen,object,32177,100.0,10
muestra_ps3,object,32177,100.0,2
