variable,media,desv_est,minimo,p25,mediana,p75,maximo,moda
fila_en_bloque,1609.3500326320043,928.8844263373114,1.0,805.0,1609.0,2414.0,3218.0,1
directorio,4655586.721664543,82562.83739063249,4514331.0,4584531.0,4655207.0,4728957.0,4804455.0,4753125
secuencia_p,1.0127730987972776,0.12611391499264155,1.0,1.0,1.0,1.0,4.0,1
orden,2.411038940858377,1.4338297302788772,1.0,1.0,2.0,3.0,14.0,1
clase,1.0,0.0,1.0,1.0,1.0,1.0,1.0,1
dominio,,,,,,,,BOGOTA
mes,6.404605774310843,3.398596021515602,1.0,3.0,6.0,9.0,12.0,6
estrato1,2.5193771948907604,1.0046227115733304,1.0,2.0,2.0,3.0,6.0,2
sex,0.47906890014606707,0.4995694598442859,0.0,0.0,0.0,1.0,1.0,0
age,34.39870093545079,20.880511854095133,0.0,18.0,32.0,50.0,106.0,23
p6050,2.5301612953351773,1.6542121324604733,1.0,1.0,2.0,3.0,9.0,3
p6090,1.1008098501227601,0.3712826156011364,1.0,1.0,1.0,1.0,9.0,1.0
p6100,1.4151989959107656,0.823552361948704,1.0,1.0,1.0,1.0,9.0,1.0
p6210,4.546642631816133,1.3243490342830395,1.0,3.0,5.0,6.0,9.0,6.0
p6210s1,6.538861812451904,3.5946240533221316,0.0,4.0,6.0,11.0,99.0,11.0
p6240,2.5048920810583017,1.812886670682425,1.0,1.0,1.0,4.0,6.0,1.0
oficio,49.8331135355473,28.034683730728254,1.0,33.0,45.0,70.0,99.0,45.0
p6426,63.30188226831315,89.25944134984003,0.0,7.0,24.0,80.0,720.0,24.0
relab,2.2729888502577626,1.5530660624546624,1.0,1.0,1.0,4.0,9.0,1.0
p6500,1451014.800338728,2108908.34361552,0.0,781242.0,850000.0,1400000.0,34000000.0,781242.0
p6510,1.9223748588633798,0.35256514180954684,1.0,2.0,2.0,2.0,9.0,2.0
p6510s1,8816.618195517047,57595.89777861579,0.0,0.0,0.0,0.0,2000000.0,0.0
p6510s2,1.7843575418994413,0.41149724650065383,1.0,2.0,2.0,2.0,2.0,2.0
p6545,1.9989649981181783,0.253513675530776,1.0,2.0,2.0,2.0,9.0,2.0
p6545s1,4080.5633006782214,86786.98931320767,0.0,0.0,0.0,0.0,3500000.0,0.0
p6545s2,1.7473684210526317,0.436826589397815,1.0,1.5,2.0,2.0,2.0,2.0
p6580,1.968197214904027,0.22775568196411486,1.0,2.0,2.0,2.0,9.0,2.0
p6580s1,18831.960843373494,505102.378866189,0.0,0.0,0.0,0.0,47200000.0,0.0
p6580s2,1.7759562841530054,0.4175217664756523,1.0,2.0,2.0,2.0,2.0,2.0
p6585s1,1.965656755739556,0.2545279639094093,1.0,2.0,2.0,2.0,9.0,2.0
p6585s1a1,4540.477311240821,39821.84535988374,0.0,0.0,0.0,0.0,1428000.0,0.0
p6585s1a2,1.7886977886977886,0.40873471055904675,1.0,2.0,2.0,2.0,2.0,2.0
p6585s2,1.5207941287165976,0.7308551767041772,1.0,1.0,1.0,2.0,9.0,1.0
p6585s2a1,35010.63504823151,60309.540722831494,0.0,0.0,0.0,88211.0,3000000.0,0.0
p6585s2a2,1.7691464083348565,0.4214174552788449,1.0,2.0,2.0,2.0,2.0,2.0
p6585s3,1.794034625517501,0.4978680241017305,1.0,2.0,2.0,2.0,9.0,2.0
p6585s3a1,9708.404165096117,28128.013725790923,0.0,0.0,0.0,0.0,940000.0,0.0
p6585s3a2,1.9882659713168187,0.10770971702472003,1.0,2.0,2.0,2.0,2.0,2.0
p6585s4,1.9977418140760257,0.11310389541552264,1.0,2.0,2.0,2.0,9.0,2.0
p6585s4a1,1417.2836846066994,43807.86433643353,0.0,0.0,0.0,0.0,2700000.0,0.0
p6585s4a2,1.9736842105263157,0.16222142113076254,1.0,2.0,2.0,2.0,2.0,2.0
p6590,1.8790929619872037,0.3713705774328059,1.0,2.0,2.0,2.0,9.0,2.0
p6590s1,20690.031050056456,74327.18466223916,0.0,0.0,0.0,0.0,1000000.0,0.0
p6600,1.9921904403462551,0.1534864440449853,1.0,2.0,2.0,2.0,9.0,2.0
p6600s1,3330.3537824614227,81887.92103106793,0.0,0.0,0.0,0.0,6000000.0,0.0
p6610,1.9735604064734664,0.20384246990699773,1.0,2.0,2.0,2.0,9.0,2.0
p6610s1,4689.990779074144,54504.33759217884,0.0,0.0,0.0,0.0,3000000.0,0.0
p6620,1.990308618742943,0.1751477854605062,1.0,2.0,2.0,2.0,9.0,2.0
p6620s1,3411.977794505081,59995.27474667271,0.0,0.0,0.0,0.0,4500000.0,0.0
p6630s1,1.3218855852465186,0.46722135540251875,1.0,1.0,1.0,2.0,2.0,1.0
p6630s1a1,757514.7302408732,1515631.761784066,0.0,0.0,380000.0,900000.0,56000000.0,0.0
p6630s2,1.943074896499812,0.23171035326976883,1.0,2.0,2.0,2.0,2.0,2.0
p6630s2a1,99307.50639819345,766685.8835682563,0.0,0.0,0.0,0.0,36500000.0,0.0
p6630s3,1.9455212645841173,0.22697059273509337,1.0,2.0,2.0,2.0,2.0,2.0
p6630s3a1,52227.145747083174,827872.8376207683,0.0,0.0,0.0,0.0,77000000.0,0.0
p6630s4,1.9624576590139255,0.19009553841200832,1.0,2.0,2.0,2.0,2.0,2.0
p6630s4a1,116261.7613850207,2081632.2159738506,0.0,0.0,0.0,0.0,130000000.0,0.0
p6630s6,1.996706812194204,0.05729442894475429,1.0,2.0,2.0,2.0,2.0,2.0
p6630s6a1,1472.4548362815206,48974.60636074404,0.0,0.0,0.0,0.0,3125000.0,0.0
p6750,1353902.3994698205,2464621.17083064,84.0,480000.0,800000.0,1500000.0,70000000.0,800000.0
p6760,1.0140089934278795,0.3752103190486068,1.0,1.0,1.0,1.0,12.0,1.0
p550,,,,,,,,
hoursWorkUsual,46.848579307037525,15.68417216429361,1.0,40.0,48.0,50.0,130.0,48.0
p6870,4.9119410142668745,3.3356273425843734,1.0,2.0,4.0,9.0,9.0,9.0
p6920,1.4585608833943469,0.5421351052378738,1.0,1.0,1.0,2.0,3.0,1.0
p7040,1.963313751348759,0.1879959744548079,1.0,2.0,2.0,2.0,2.0,2.0
hoursWorkActualSecondJob,11.608849557522124,8.90060916635999,1.0,5.0,9.0,15.0,50.0,8.0
p7050,3.6323529411764706,1.3085889076552923,1.0,4.0,4.0,4.0,9.0,4.0
p7070,19070.224744744744,218026.7839616195,0.0,0.0,0.0,0.0,10000000.0,0.0
p7090,1.9028293969548016,0.2961988118388528,1.0,2.0,2.0,2.0,2.0,2.0
p7110,1.5225169648365207,0.49964686960970955,1.0,1.0,2.0,2.0,2.0,2.0
p7120,1.0610734114743985,0.23953882164810894,1.0,1.0,1.0,1.0,2.0,1.0
p7140s1,1.1197691197691197,0.3247382207823683,1.0,1.0,1.0,1.0,2.0,1.0
p7140s2,1.0216450216450217,0.14554252985145277,1.0,1.0,1.0,1.0,2.0,1.0
p7150,1.6193362193362193,0.48562014628058603,1.0,1.0,2.0,2.0,2.0,2.0
p7160,1.1875901875901875,0.7882044629557228,1.0,1.0,1.0,1.0,9.0,1.0
p7310,1.9048101265822786,0.2935513464589049,1.0,2.0,2.0,2.0,2.0,2.0
p7350,1.6961387800783436,1.329736428173372,1.0,1.0,1.0,1.0,9.0,1.0
p7422,1.8399552322327923,0.366750199837643,1.0,2.0,2.0,2.0,2.0,2.0
p7422s1,139407.38947957472,657323.6267106842,0.0,0.0,0.0,0.0,14000000.0,0.0
p7472,1.9838971269694161,0.12587853736628882,1.0,2.0,2.0,2.0,2.0,2.0
p7472s1,9034.172150139018,113430.26088268941,0.0,0.0,0.0,0.0,5000000.0,0.0
p7495,1.8584777749276264,0.3485658290167146,1.0,2.0,2.0,2.0,2.0,2.0
p7500s1,1.4917141377524599,0.514295723561633,1.0,1.0,1.0,2.0,9.0,1.0
p7500s1a1,63533.01671002968,405389.8198296994,0.0,0.0,0.0,0.0,20000000.0,0.0
p7500s2,1.4821336095287416,0.5140520148636343,1.0,1.0,1.0,2.0,9.0,1.0
p7500s2a1,103881.41602843636,768754.3981079629,0.0,0.0,0.0,0.0,80000000.0,0.0
p7500s3,1.9109269808389435,0.30929604903534164,1.0,2.0,2.0,2.0,9.0,2.0
p7500s3a1,5548.334200593646,103469.53377733086,0.0,0.0,0.0,0.0,7200000.0,0.0
p7505,1.7128879768404852,0.45242260111801375,1.0,1.0,2.0,2.0,2.0,2.0
p7510s1,1.8414805360561584,0.4365715211791074,1.0,2.0,2.0,2.0,9.0,2.0
p7510s1a1,140572.2818718165,1617781.0617032703,0.0,0.0,0.0,0.0,120000000.0,0.0
p7510s2,1.983535417996171,0.19401172652258672,1.0,2.0,2.0,2.0,9.0,2.0
p7510s2a1,28099.234123639562,1049441.1180894927,0.0,0.0,0.0,0.0,96000000.0,0.0
p7510s3,1.9342693044033183,0.27516298040620146,1.0,2.0,2.0,2.0,9.0,2.0
p7510s3a1,30635.665396313532,392735.5861444609,0.0,0.0,0.0,0.0,30000000.0,0.0
p7510s5,2.040076579451181,0.775668401930835,1.0,2.0,2.0,2.0,9.0,2.0
p7510s5a1,76521.54758327531,3532429.7570777787,0.0,0.0,0.0,0.0,400000000.0,0.0
p7510s6,1.5056796426292278,1.055910656139121,1.0,1.0,1.0,2.0,9.0,1.0
p7510s6a1,59417.68800615633,696366.8014176367,0.0,0.0,0.0,0.0,75000000.0,0.0
p7510s7,1.7619655392469686,0.6176976500395526,1.0,1.0,2.0,2.0,9.0,2.0
p7510s7a1,185149.32643189564,3001939.338735303,0.0,0.0,0.0,0.0,220000000.0,0.0
pet,1.0,0.0,1.0,1.0,1.0,1.0,1.0,1.0
ina,1.0,0.0,1.0,1.0,1.0,1.0,1.0,1.0
impa,1442437.6974710545,2231055.7136312854,0.0,600000.0,934556.5,1496544.33333333,50000000.0,0.0
isa,19070.224744744744,218026.7839616195,0.0,0.0,0.0,0.0,10000000.0,0.0
ie,31739.48268724125,142281.2710516424,0.0,0.0,0.0,0.0,6300000.0,0.0
imdi,769656.4211764706,1253684.2295776915,0.0,200000.0,550000.0,850000.0,14000000.0,0.0
iof1,6376.792578206115,294369.14648886997,0.0,0.0,0.0,0.0,33333333.3333333,0.0
iof2,100949.83187364873,597535.3544124047,0.0,0.0,0.0,0.0,24000000.0,0.0
iof3h,19599.16359461077,191226.19657641975,0.0,0.0,0.0,0.0,10000000.0,0.0
iof3i,2089.2978520038605,18117.69408538649,0.0,0.0,0.0,0.0,600000.0,0.0
iof6,63533.01671002968,405389.8198296994,0.0,0.0,0.0,0.0,20000000.0,0.0
cclasnr2,1.0,0.0,1.0,1.0,1.0,1.0,1.0,1.0
cclasnr3,1.0,0.0,1.0,1.0,1.0,1.0,1.0,1.0
cclasnr4,1.0,0.0,1.0,1.0,1.0,1.0,1.0,1.0
cclasnr5,1.0,0.0,1.0,1.0,1.0,1.0,1.0,1.0
cclasnr6,1.0,0.0,1.0,1.0,1.0,1.0,1.0,1.0
cclasnr7,1.0,0.0,1.0,1.0,1.0,1.0,1.0,1.0
cclasnr8,1.0,0.0,1.0,1.0,1.0,1.0,1.0,1.0
cclasnr11,1.0,0.0,1.0,1.0,1.0,1.0,1.0,1.0
impaes,1757617.2049898854,2527680.864512951,15000.0,700000.0,1000000.0,2000000.0,50000000.0,800000.0
isaes,738106.0606060605,1294730.4457066061,6000.0,100000.0,250000.0,837500.0,8000000.0,300000.0
iees,254023.91304347827,296760.63082542655,20000.0,120000.0,187000.0,300000.0,3000000.0,200000.0
imdies,781186.5833333334,570730.4133378748,30000.0,382500.0,800000.0,1000000.0,2000000.0,1000000.0
iof1es,523111.1929133858,1316055.9297582305,83.0,25000.0,97916.5,400000.0,8333333.0,83333.0
iof2es,2185808.229965157,1922583.5181083346,706000.0,900000.0,1548010.0,2620000.0,13200000.0,781242.0
iof3hes,434357.38036809815,682794.2566866399,8333.0,100000.0,295833.5,500000.0,9600000.0,300000.0
iof3ies,106916.65625,120033.83978523599,12500.0,48750.0,75000.0,92250.0,516667.0,75000.0
iof6es,895416.2011173185,1108500.579644922,50000.0,330000.0,500000.0,1000000.0,8000000.0,400000.0
ingtotob,1095928.6976651154,2177124.7636685553,0.0,0.0,742000.0,1209877.66666667,85833333.3333333,0.0
ingtotes,1424997.4537313434,2363579.1801022845,83.0,300000.0,800000.0,1500000.0,50000000.0,1000000.0
ingtot,1235874.946190162,2300871.3377039167,0.0,0.0,813793.75,1350000.0,85833333.3333333,0.0
fex_c,253.72670955444354,64.26739623515978,106.612617426093,215.43150019595,242.396357552795,276.820780750405,808.241451693803,232.460305636127
depto,11.0,0.0,11.0,11.0,11.0,11.0,11.0,11
fex_dpto,253.72670955444354,64.26739623515978,106.612617426093,215.43150019595,242.396357552795,276.820780750405,808.241451693803,232.460305636127
fweight,253.72685458557353,64.26377473017463,107.0,215.0,242.0,277.0,808.0,243
maxEducLevel,5.5490072706935125,1.5406006191235457,1.0,5.0,6.0,7.0,7.0,7.0
college,0.24321720483575224,0.42903183634906455,0.0,0.0,0.0,0.0,1.0,0
regSalud,1.4062829347385488,0.7818740406802779,1.0,1.0,1.0,1.0,3.0,1.0
cotPension,1.4585608833943469,0.5421351052378738,1.0,1.0,1.0,2.0,3.0,1.0
wap,0.848090250800261,0.358938965999125,0.0,1.0,1.0,1.0,1.0,1
ocu,0.518444851912857,0.499667436031917,0.0,0.0,1.0,1.0,1.0,1
dsi,0.06137924604531187,0.2400283831595109,0.0,0.0,0.0,0.0,1.0,0
pea,0.5798240979581689,0.4935946566963331,0.0,0.0,1.0,1.0,1.0,1
inac,0.26826615284209215,0.44306379324425027,0.0,0.0,0.0,1.0,1.0,0
totalHoursWorked,47.24175758302362,15.806409297676,1.0,40.0,48.0,50.0,130.0,48.0
formal,0.5820045558086561,0.4932441959106847,0.0,0.0,1.0,1.0,1.0,1.0
informal,0.417995444191344,0.49324419591068464,0.0,0.0,0.0,1.0,1.0,0.0
cuentaPropia,0.15992789880970879,0.36654486968779726,0.0,0.0,0.0,0.0,1.0,0
microEmpresa,0.45012588418654836,0.49752126644547184,0.0,0.0,0.0,1.0,1.0,0.0
sizeFirm,3.1436278623666225,1.647306391272731,1.0,2.0,3.0,5.0,5.0,5.0
y_salary_m,1547710.2868325973,2143416.2283503623,10000.0,781242.0,900000.0,1500000.0,34000000.0,781242.0
y_salary_m_hu,7908.648703242056,11574.007170734565,48.6111106872559,3797.7041015625,4444.4443359375,7291.66650390625,291666.65625,3797.7041015625
y_ingLab_m,1735661.1424107256,2397597.8829532387,10000.0,869453.0,1026387.6875,1617052.71875,60100000.0,869453.0
y_horasExtras_m,104597.6,171364.82768011454,0.0,0.0,50000.0,150000.0,2000000.0,0.0
y_especie_m,165707.34740015073,142221.1153688485,0.0,51000.0,150000.0,240000.0,1000000.0,0.0
y_vivienda_m,340336.53846153844,758974.8657283185,0.0,0.0,200000.0,350000.0,6000000.0,0.0
y_otros_m,276812.9770992366,466879.7462363131,0.0,80000.0,145000.0,300000.0,4500000.0,100000.0
y_auxilioAliment_m,118498.64864864865,167173.54569654723,0.0,0.0,70000.0,180000.0,1428000.0,0.0
y_auxilioTransp_m,67666.32334125388,69428.76081199897,0.0,0.0,88211.0,88211.0,3000000.0,88211.0
y_subFamiliar_m,44774.265536723164,45600.27083565049,0.0,30000.0,31000.0,60000.0,940000.0,30000.0
y_subEducativo_m,396391.86842105264,624826.9928887417,0.0,30472.75,100000.0,387500.0,2700000.0,0.0
y_primas_m,455992.2105263158,801431.6022398027,0.0,0.0,123637.0,500000.0,3500000.0,0.0
y_bonificaciones_m,546641.3989071038,2671324.0786252078,0.0,0.0,100000.0,300000.0,47200000.0,0.0
y_primaServicios_m,1117089.8505619536,1727992.4073043086,0.0,350000.0,781242.0,1200000.0,56000000.0,0.0
y_primaNavidad_m,1744529.2198347107,2732619.514596044,0.0,0.0,1200000.0,2400000.0,36500000.0,0.0
y_primaVacaciones_m,958670.3022452504,3425005.745597463,0.0,0.0,350000.0,1145000.0,77000000.0,0.0
y_viaticos_m,3096817.0426065163,10317323.958149092,0.0,0.0,600000.0,2000000.0,130000000.0,0.0
y_accidentes_m,447121.4285714286,737940.6070957475,0.0,0.0,70000.0,595000.0,3125000.0,0.0
y_salarySec_m,688761.9132321042,1121704.3655068104,6000.0,120000.0,300000.0,700000.0,10000000.0,200000.0
y_ingLab_m_ha,8779.402749842595,12850.070292069893,48.6111106872559,4212.962890625,5033.156982421875,7991.2919921875,350583.34375,4226.5078125
y_gananciaNeta_m,1350620.3847871316,2460599.6153896824,84.0,480000.0,800000.0,1500000.0,70000000.0,800000.0
y_gananciaNetaAgro_m,,,,,,,,
y_gananciaIndep_m,1350620.3847871316,2460599.6153896824,84.0,480000.0,800000.0,1500000.0,70000000.0,800000.0
y_gananciaIndep_m_hu,8073.790597712229,15792.567871677236,0.47152778506279,2625.0,4131.9443359375,7777.77783203125,340277.78125,3888.88891601562
y_total_m,1608660.881757907,2425242.8825022033,84.0,797402.4375,989024.5625,1545708.3125,70000000.0,800000.0
y_total_m_ha,8504.196798278272,13828.288655942268,0.47152778506279,3754.1782836914076,4821.99365234375,7852.9615478515625,350583.34375,3888.88891601562
chunk,5.499891226652578,2.8721744683482306,1.0,3.0,5.0,8.0,10.0,2
url_origen,,,,,,,,https://ignaciomsarmiento.github.io/GEIH2018_sample/pages/geih_page_2.html
muestra_ps3,,,,,,,,entrenamiento
