variable,tipo,filas,no_nulos,porcentaje_no_nulos,valores_distintos,media,desv_est,minimo,p25,mediana,p75,maximo,moda
fila_en_bloque,int64,32177,32177,100.0,3218,1609.3500326320043,928.8844263373114,1.0,805.0,1609.0,2414.0,3218.0,1
directorio,int64,32177,32177,100.0,10403,4655586.721664543,82562.83739063249,4514331.0,4584531.0,4655207.0,4728957.0,4804455.0,4753125
secuencia_p,int64,32177,32177,100.0,4,1.0127730987972776,0.12611391499264155,1.0,1.0,1.0,1.0,4.0,1
orden,int64,32177,32177,100.0,14,2.411038940858377,1.4338297302788772,1.0,1.0,2.0,3.0,14.0,1
clase,int64,32177,32177,100.0,1,1.0,0.0,1.0,1.0,1.0,1.0,1.0,1
dominio,object,32177,32177,100.0,1,,,,,,,,BOGOTA
mes,int64,32177,32177,100.0,12,6.404605774310843,3.398596021515602,1.0,3.0,6.0,9.0,12.0,6
estrato1,int64,32177,32177,100.0,6,2.5193771948907604,1.0046227115733304,1.0,2.0,2.0,3.0,6.0,2
sex,int64,32177,32177,100.0,2,0.47906890014606707,0.4995694598442859,0.0,0.0,0.0,1.0,1.0,0
age,int64,32177,32177,100.0,102,34.39870093545079,20.880511854095133,0.0,18.0,32.0,50.0,106.0,23
p6050,int64,32177,32177,100.0,9,2.5301612953351773,1.6542121324604733,1.0,1.0,2.0,3.0,9.0,3
p6090,float64,32177,27289,84.8090250800261,3,1.1008098501227601,0.3712826156011364,1.0,1.0,1.0,1.0,9.0,1.0
p6100,float64,32177,24699,76.75979737079281,4,1.4151989959107656,0.823552361948704,1.0,1.0,1.0,1.0,9.0,1.0
p6210,float64,32177,31066,96.54722317183081,7,4.546642631816133,1.3243490342830395,1.0,3.0,5.0,6.0,9.0,6.0
p6210s1,float64,32177,27289,84.8090250800261,17,6.538861812451904,3.5946240533221316,0.0,4.0,6.0,11.0,99.0,11.0
p6240,float64,32177,27289,84.8090250800261,6,2.5048920810583017,1.812886670682425,1.0,1.0,1.0,4.0,6.0,1.0
oficio,float64,32177,16682,51.844485191285706,80,49.8331135355473,28.034683730728254,1.0,33.0,45.0,70.0,99.0,45.0
p6426,float64,32177,16682,51.844485191285706,263,63.30188226831315,89.25944134984003,0.0,7.0,24.0,80.0,720.0,24.0
relab,float64,32177,16682,51.844485191285706,9,2.2729888502577626,1.5530660624546624,1.0,1.0,1.0,4.0,9.0,1.0
p6500,float64,32177,10628,33.02980389719365,661,1451014.800338728,2108908.34361552,0.0,781242.0,850000.0,1400000.0,34000000.0,781242.0
p6510,float64,32177,10628,33.02980389719365,3,1.9223748588633798,0.35256514180954684,1.0,2.0,2.0,2.0,9.0,2.0
p6510s1,float64,32177,10618,32.9987257979302,91,8816.618195517047,57595.89777861579,0.0,0.0,0.0,0.0,2000000.0,0.0
p6510s2,float64,32177,895,2.7814898840786895,2,1.7843575418994413,0.41149724650065383,1.0,2.0,2.0,2.0,2.0,2.0
p6545,float64,32177,10628,33.02980389719365,3,1.9989649981181783,0.253513675530776,1.0,2.0,2.0,2.0,9.0,2.0
p6545s1,float64,32177,10616,32.99251017807751,43,4080.5633006782214,86786.98931320767,0.0,0.0,0.0,0.0,3500000.0,0.0
p6545s2,float64,32177,95,0.29524194300276596,2,1.7473684210526317,0.436826589397815,1.0,1.5,2.0,2.0,2.0,2.0
p6580,float64,32177,10628,33.02980389719365,3,1.968197214904027,0.22775568196411486,1.0,2.0,2.0,2.0,9.0,2.0
p6580s1,float64,32177,10624,33.017372657488266,78,18831.960843373494,505102.378866189,0.0,0.0,0.0,0.0,47200000.0,0.0
p6580s2,float64,32177,366,1.137458433042235,2,1.7759562841530054,0.4175217664756523,1.0,2.0,2.0,2.0,2.0,2.0
p6585s1,float64,32177,10628,33.02980389719365,3,1.965656755739556,0.2545279639094093,1.0,2.0,2.0,2.0,9.0,2.0
p6585s1a1,float64,32177,10622,33.01115703763558,82,4540.477311240821,39821.84535988374,0.0,0.0,0.0,0.0,1428000.0,0.0
p6585s1a2,float64,32177,407,1.2648786400223762,2,1.7886977886977886,0.40873471055904675,1.0,2.0,2.0,2.0,2.0,2.0
p6585s2,float64,32177,10628,33.02980389719365,3,1.5207941287165976,0.7308551767041772,1.0,1.0,1.0,2.0,9.0,1.0
p6585s2a1,float64,32177,10574,32.86198216117102,117,35010.63504823151,60309.540722831494,0.0,0.0,0.0,88211.0,3000000.0,0.0
p6585s2a2,float64,32177,5471,17.002828107032975,2,1.7691464083348565,0.4214174552788449,1.0,2.0,2.0,2.0,2.0,2.0
p6585s3,float64,32177,10628,33.02980389719365,3,1.794034625517501,0.4978680241017305,1.0,2.0,2.0,2.0,9.0,2.0
p6585s3a1,float64,32177,10612,32.98007893837213,139,9708.404165096117,28128.013725790923,0.0,0.0,0.0,0.0,940000.0,0.0
p6585s3a2,float64,32177,2301,7.151070640519626,2,1.9882659713168187,0.10770971702472003,1.0,2.0,2.0,2.0,2.0,2.0
p6585s4,float64,32177,10628,33.02980389719365,3,1.9977418140760257,0.11310389541552264,1.0,2.0,2.0,2.0,9.0,2.0
p6585s4a1,float64,32177,10628,33.02980389719365,26,1417.2836846066994,43807.86433643353,0.0,0.0,0.0,0.0,2700000.0,0.0
p6585s4a2,float64,32177,38,0.11809677720110638,2,1.9736842105263157,0.16222142113076254,1.0,2.0,2.0,2.0,2.0,2.0
p6590,float64,32177,10628,33.02980389719365,3,1.8790929619872037,0.3713705774328059,1.0,2.0,2.0,2.0,9.0,2.0
p6590s1,float64,32177,10628,33.02980389719365,125,20690.031050056456,74327.18466223916,0.0,0.0,0.0,0.0,1000000.0,0.0
p6600,float64,32177,10628,33.02980389719365,3,1.9921904403462551,0.1534864440449853,1.0,2.0,2.0,2.0,9.0,2.0
p6600s1,float64,32177,10628,33.02980389719365,20,3330.3537824614227,81887.92103106793,0.0,0.0,0.0,0.0,6000000.0,0.0
p6610,float64,32177,10628,33.02980389719365,3,1.9735604064734664,0.20384246990699773,1.0,2.0,2.0,2.0,9.0,2.0
p6610s1,float64,32177,10628,33.02980389719365,62,4689.990779074144,54504.33759217884,0.0,0.0,0.0,0.0,3000000.0,0.0
p6620,float64,32177,10628,33.02980389719365,3,1.990308618742943,0.1751477854605062,1.0,2.0,2.0,2.0,9.0,2.0
p6620s1,float64,32177,10628,33.02980389719365,47,3411.977794505081,59995.27474667271,0.0,0.0,0.0,0.0,4500000.0,0.0
p6630s1,float64,32177,10628,33.02980389719365,2,1.3218855852465186,0.46722135540251875,1.0,1.0,1.0,2.0,2.0,1.0
p6630s1a1,float64,32177,10628,33.02980389719365,400,757514.7302408732,1515631.761784066,0.0,0.0,380000.0,900000.0,56000000.0,0.0
p6630s2,float64,32177,10628,33.02980389719365,2,1.943074896499812,0.23171035326976883,1.0,2.0,2.0,2.0,2.0,2.0
p6630s2a1,float64,32177,10628,33.02980389719365,98,99307.50639819345,766685.8835682563,0.0,0.0,0.0,0.0,36500000.0,0.0
p6630s3,float64,32177,10628,33.02980389719365,2,1.9455212645841173,0.22697059273509337,1.0,2.0,2.0,2.0,2.0,2.0
p6630s3a1,float64,32177,10628,33.02980389719365,78,52227.145747083174,827872.8376207683,0.0,0.0,0.0,0.0,77000000.0,0.0
p6630s4,float64,32177,10628,33.02980389719365,2,1.9624576590139255,0.19009553841200832,1.0,2.0,2.0,2.0,2.0,2.0
p6630s4a1,float64,32177,10628,33.02980389719365,89,116261.7613850207,2081632.2159738506,0.0,0.0,0.0,0.0,130000000.0,0.0
p6630s6,float64,32177,10628,33.02980389719365,2,1.996706812194204,0.05729442894475429,1.0,2.0,2.0,2.0,2.0,2.0
p6630s6a1,float64,32177,10628,33.02980389719365,19,1472.4548362815206,48974.60636074404,0.0,0.0,0.0,0.0,3125000.0,0.0
p6750,float64,32177,4904,15.240699878795413,234,1353902.3994698205,2464621.17083064,84.0,480000.0,800000.0,1500000.0,70000000.0,800000.0
p6760,float64,32177,5782,17.96935699412624,5,1.0140089934278795,0.3752103190486068,1.0,1.0,1.0,1.0,12.0,1.0
p550,float64,32177,0,0.0,0,,,,,,,,
hoursWorkUsual,float64,32177,16682,51.844485191285706,107,46.848579307037525,15.68417216429361,1.0,40.0,48.0,50.0,130.0,48.0
p6870,float64,32177,16682,51.844485191285706,9,4.9119410142668745,3.3356273425843734,1.0,2.0,4.0,9.0,9.0,9.0
p6920,float64,32177,16663,51.78543680268515,3,1.4585608833943469,0.5421351052378738,1.0,1.0,1.0,2.0,3.0,1.0
p7040,float64,32177,16682,51.844485191285706,2,1.963313751348759,0.1879959744548079,1.0,2.0,2.0,2.0,2.0,2.0
hoursWorkActualSecondJob,float64,32177,565,1.755912608384871,33,11.608849557522124,8.90060916635999,1.0,5.0,9.0,15.0,50.0,8.0
p7050,float64,32177,612,1.9019796749230817,9,3.6323529411764706,1.3085889076552923,1.0,4.0,4.0,4.0,9.0,4.0
p7070,float64,32177,16650,51.74503527364266,90,19070.224744744744,218026.7839616195,0.0,0.0,0.0,0.0,10000000.0,0.0
p7090,float64,32177,16682,51.844485191285706,2,1.9028293969548016,0.2961988118388528,1.0,2.0,2.0,2.0,2.0,2.0
p7110,float64,32177,1621,5.03775989060509,2,1.5225169648365207,0.49964686960970955,1.0,1.0,2.0,2.0,2.0,2.0
p7120,float64,32177,1621,5.03775989060509,2,1.0610734114743985,0.23953882164810894,1.0,1.0,1.0,1.0,2.0,1.0
p7140s1,float64,32177,3465,10.768561394785095,2,1.1197691197691197,0.3247382207823683,1.0,1.0,1.0,1.0,2.0,1.0
p7140s2,float64,32177,3465,10.768561394785095,2,1.0216450216450217,0.14554252985145277,1.0,1.0,1.0,1.0,2.0,1.0
p7150,float64,32177,3465,10.768561394785095,2,1.6193362193362193,0.48562014628058603,1.0,1.0,2.0,2.0,2.0,2.0
p7160,float64,32177,3465,10.768561394785095,3,1.1875901875901875,0.7882044629557228,1.0,1.0,1.0,1.0,9.0,1.0
p7310,float64,32177,1975,6.137924604531187,2,1.9048101265822786,0.2935513464589049,1.0,2.0,2.0,2.0,2.0,2.0
p7350,float64,32177,1787,5.553656338378345,9,1.6961387800783436,1.329736428173372,1.0,1.0,1.0,1.0,9.0,1.0
p7422,float64,32177,1787,5.553656338378345,2,1.8399552322327923,0.366750199837643,1.0,2.0,2.0,2.0,2.0,2.0
p7422s1,float64,32177,1787,5.553656338378345,93,139407.38947957472,657323.6267106842,0.0,0.0,0.0,0.0,14000000.0,0.0
p7472,float64,32177,8632,26.826615284209215,2,1.9838971269694161,0.12587853736628882,1.0,2.0,2.0,2.0,2.0,2.0
p7472s1,float64,32177,8632,26.826615284209215,52,9034.172150139018,113430.26088268941,0.0,0.0,0.0,0.0,5000000.0,0.0
p7495,float64,32177,27289,84.8090250800261,2,1.8584777749276264,0.3485658290167146,1.0,2.0,2.0,2.0,2.0,2.0
p7500s1,float64,32177,3862,12.002361935544021,3,1.4917141377524599,0.514295723561633,1.0,1.0,1.0,2.0,9.0,1.0
p7500s1a1,float64,32177,27289,84.8090250800261,138,63533.01671002968,405389.8198296994,0.0,0.0,0.0,0.0,20000000.0,0.0
p7500s2,float64,32177,3862,12.002361935544021,3,1.4821336095287416,0.5140520148636343,1.0,1.0,1.0,2.0,9.0,1.0
p7500s2a1,float64,32177,27289,84.8090250800261,267,103881.41602843636,768754.3981079629,0.0,0.0,0.0,0.0,80000000.0,0.0
p7500s3,float64,32177,3862,12.002361935544021,3,1.9109269808389435,0.30929604903534164,1.0,2.0,2.0,2.0,9.0,2.0
p7500s3a1,float64,32177,27289,84.8090250800261,66,5548.334200593646,103469.53377733086,0.0,0.0,0.0,0.0,7200000.0,0.0
p7505,float64,32177,27289,84.8090250800261,2,1.7128879768404852,0.45242260111801375,1.0,1.0,2.0,2.0,2.0,2.0
p7510s1,float64,32177,7835,24.34969077291233,3,1.8414805360561584,0.4365715211791074,1.0,2.0,2.0,2.0,9.0,2.0
p7510s1a1,float64,32177,27289,84.8090250800261,147,140572.2818718165,1617781.0617032703,0.0,0.0,0.0,0.0,120000000.0,0.0
p7510s2,float64,32177,7835,24.34969077291233,3,1.983535417996171,0.19401172652258672,1.0,2.0,2.0,2.0,9.0,2.0
p7510s2a1,float64,32177,27289,84.8090250800261,49,28099.234123639562,1049441.1180894927,0.0,0.0,0.0,0.0,96000000.0,0.0
p7510s3,float64,32177,7835,24.34969077291233,3,1.9342693044033183,0.27516298040620146,1.0,2.0,2.0,2.0,9.0,2.0
p7510s3a1,float64,32177,27289,84.8090250800261,113,30635.665396313532,392735.5861444609,0.0,0.0,0.0,0.0,30000000.0,0.0
p7510s5,float64,32177,7835,24.34969077291233,3,2.040076579451181,0.775668401930835,1.0,2.0,2.0,2.0,9.0,2.0
p7510s5a1,float64,32177,27289,84.8090250800261,64,76521.54758327531,3532429.7570777787,0.0,0.0,0.0,0.0,400000000.0,0.0
p7510s6,float64,32177,7835,24.34969077291233,3,1.5056796426292278,1.055910656139121,1.0,1.0,1.0,2.0,9.0,1.0
p7510s6a1,float64,32177,27289,84.8090250800261,303,59417.68800615633,696366.8014176367,0.0,0.0,0.0,0.0,75000000.0,0.0
p7510s7,float64,32177,7835,24.34969077291233,3,1.7619655392469686,0.6176976500395526,1.0,1.0,2.0,2.0,9.0,2.0
p7510s7a1,float64,32177,27289,84.8090250800261,253,185149.32643189564,3001939.338735303,0.0,0.0,0.0,0.0,220000000.0,0.0
pet,float64,32177,27289,84.8090250800261,1,1.0,0.0,1.0,1.0,1.0,1.0,1.0,1.0
ina,float64,32177,8632,26.826615284209215,1,1.0,0.0,1.0,1.0,1.0,1.0,1.0,1.0
impa,float64,32177,16410,50.99916089131988,3710,1442437.6974710545,2231055.7136312854,0.0,600000.0,934556.5,1496544.33333333,50000000.0,0.0
isa,float64,32177,16650,51.74503527364266,90,19070.224744744744,218026.7839616195,0.0,0.0,0.0,0.0,10000000.0,0.0
ie,float64,32177,10628,33.02980389719365,183,31739.48268724125,142281.2710516424,0.0,0.0,0.0,0.0,6300000.0,0.0
imdi,float64,32177,425,1.3208192186965844,105,769656.4211764706,1253684.2295776915,0.0,200000.0,550000.0,850000.0,14000000.0,0.0
iof1,float64,32177,27289,84.8090250800261,64,6376.792578206115,294369.14648886997,0.0,0.0,0.0,0.0,33333333.3333333,0.0
iof2,float64,32177,27289,84.8090250800261,266,100949.83187364873,597535.3544124047,0.0,0.0,0.0,0.0,24000000.0,0.0
iof3h,float64,32177,27289,84.8090250800261,191,19599.16359461077,191226.19657641975,0.0,0.0,0.0,0.0,10000000.0,0.0
iof3i,float64,32177,27289,84.8090250800261,97,2089.2978520038605,18117.69408538649,0.0,0.0,0.0,0.0,600000.0,0.0
iof6,float64,32177,27289,84.8090250800261,138,63533.01671002968,405389.8198296994,0.0,0.0,0.0,0.0,20000000.0,0.0
cclasnr2,float64,32177,1459,4.534294682537216,1,1.0,0.0,1.0,1.0,1.0,1.0,1.0,1.0
cclasnr3,float64,32177,66,0.20511545513876372,1,1.0,0.0,1.0,1.0,1.0,1.0,1.0,1.0
cclasnr4,float64,32177,274,0.851539919818504,1,1.0,0.0,1.0,1.0,1.0,1.0,1.0,1.0
cclasnr5,float64,32177,36,0.11188115734841657,1,1.0,0.0,1.0,1.0,1.0,1.0,1.0,1.0
cclasnr6,float64,32177,253,0.7862759113652609,1,1.0,0.0,1.0,1.0,1.0,1.0,1.0,1.0
cclasnr7,float64,32177,286,0.8888336389346427,1,1.0,0.0,1.0,1.0,1.0,1.0,1.0,1.0
cclasnr8,float64,32177,333,1.0349007054728532,1,1.0,0.0,1.0,1.0,1.0,1.0,1.0,1.0
cclasnr11,float64,32177,179,0.556297976815738,1,1.0,0.0,1.0,1.0,1.0,1.0,1.0,1.0
impaes,float64,32177,1483,4.608882120769494,549,1757617.2049898854,2527680.864512951,15000.0,700000.0,1000000.0,2000000.0,50000000.0,800000.0
isaes,float64,32177,66,0.20511545513876372,36,738106.0606060605,1294730.4457066061,6000.0,100000.0,250000.0,837500.0,8000000.0,300000.0
iees,float64,32177,276,0.8577555396711937,77,254023.91304347827,296760.63082542655,20000.0,120000.0,187000.0,300000.0,3000000.0,200000.0
imdies,float64,32177,36,0.11188115734841657,25,781186.5833333334,570730.4133378748,30000.0,382500.0,800000.0,1000000.0,2000000.0,1000000.0
iof1es,float64,32177,254,0.7893837212916058,71,523111.1929133858,1316055.9297582305,83.0,25000.0,97916.5,400000.0,8333333.0,83333.0
iof2es,float64,32177,287,0.8919414488609877,109,2185808.229965157,1922583.5181083346,706000.0,900000.0,1548010.0,2620000.0,13200000.0,781242.0
iof3hes,float64,32177,326,1.013146035988439,78,434357.38036809815,682794.2566866399,8333.0,100000.0,295833.5,500000.0,9600000.0,300000.0
iof3ies,float64,32177,32,0.09944991764303694,21,106916.65625,120033.83978523599,12500.0,48750.0,75000.0,92250.0,516667.0,75000.0
iof6es,float64,32177,179,0.556297976815738,48,895416.2011173185,1108500.579644922,50000.0,330000.0,500000.0,1000000.0,8000000.0,400000.0
ingtotob,float64,32177,27289,84.8090250800261,4676,1095928.6976651154,2177124.7636685553,0.0,0.0,742000.0,1209877.66666667,85833333.3333333,0.0
ingtotes,float64,32177,2680,8.328930602604345,785,1424997.4537313434,2363579.1801022845,83.0,300000.0,800000.0,1500000.0,50000000.0,1000000.0
ingtot,float64,32177,27289,84.8090250800261,5355,1235874.946190162,2300871.3377039167,0.0,0.0,813793.75,1350000.0,85833333.3333333,0.0
fex_c,float64,32177,32177,100.0,3536,253.72670955444354,64.26739623515978,106.612617426093,215.43150019595,242.396357552795,276.820780750405,808.241451693803,232.460305636127
depto,int64,32177,32177,100.0,1,11.0,0.0,11.0,11.0,11.0,11.0,11.0,11
fex_dpto,float64,32177,32177,100.0,3536,253.72670955444354,64.26739623515978,106.612617426093,215.43150019595,242.396357552795,276.820780750405,808.241451693803,232.460305636127
fweight,int64,32177,32177,100.0,409,253.72685458557353,64.26377473017463,107.0,215.0,242.0,277.0,808.0,243
maxEducLevel,float64,32177,28608,88.90822637287503,7,5.5490072706935125,1.5406006191235457,1.0,5.0,6.0,7.0,7.0,7.0
college,int64,32177,32177,100.0,2,0.24321720483575224,0.42903183634906455,0.0,0.0,0.0,0.0,1.0,0
regSalud,float64,32177,24670,76.6696708829288,3,1.4062829347385488,0.7818740406802779,1.0,1.0,1.0,1.0,3.0,1.0
cotPension,float64,32177,16663,51.78543680268515,3,1.4585608833943469,0.5421351052378738,1.0,1.0,1.0,2.0,3.0,1.0
wap,int64,32177,32177,100.0,2,0.848090250800261,0.358938965999125,0.0,1.0,1.0,1.0,1.0,1
ocu,int64,32177,32177,100.0,2,0.518444851912857,0.499667436031917,0.0,0.0,1.0,1.0,1.0,1
dsi,int64,32177,32177,100.0,2,0.06137924604531187,0.2400283831595109,0.0,0.0,0.0,0.0,1.0,0
pea,int64,32177,32177,100.0,2,0.5798240979581689,0.4935946566963331,0.0,0.0,1.0,1.0,1.0,1
inac,int64,32177,32177,100.0,2,0.26826615284209215,0.44306379324425027,0.0,0.0,0.0,1.0,1.0,0
totalHoursWorked,float64,32177,16682,51.844485191285706,112,47.24175758302362,15.806409297676,1.0,40.0,48.0,50.0,130.0,48.0
formal,float64,32177,16682,51.844485191285706,2,0.5820045558086561,0.4932441959106847,0.0,0.0,1.0,1.0,1.0,1.0
informal,float64,32177,16682,51.844485191285706,2,0.417995444191344,0.49324419591068464,0.0,0.0,0.0,1.0,1.0,0.0
cuentaPropia,int64,32177,32177,100.0,2,0.15992789880970879,0.36654486968779726,0.0,0.0,0.0,0.0,1.0,0
microEmpresa,float64,32177,16682,51.844485191285706,2,0.45012588418654836,0.49752126644547184,0.0,0.0,0.0,1.0,1.0,0.0
sizeFirm,float64,32177,16682,51.844485191285706,5,3.1436278623666225,1.647306391272731,1.0,2.0,3.0,5.0,5.0,5.0
y_salary_m,float64,32177,9964,30.96621810610063,660,1547710.2868325973,2143416.2283503623,10000.0,781242.0,900000.0,1500000.0,34000000.0,781242.0
y_salary_m_hu,float64,32177,9964,30.96621810610063,1390,7908.648703242056,11574.007170734565,48.6111106872559,3797.7041015625,4444.4443359375,7291.66650390625,291666.65625,3797.7041015625
y_ingLab_m,float64,32177,9964,30.96621810610063,3700,1735661.1424107256,2397597.8829532387,10000.0,869453.0,1026387.6875,1617052.71875,60100000.0,869453.0
y_horasExtras_m,float64,32177,895,2.7814898840786895,91,104597.6,171364.82768011454,0.0,0.0,50000.0,150000.0,2000000.0,0.0
y_especie_m,float64,32177,1327,4.124063772259689,125,165707.34740015073,142221.1153688485,0.0,51000.0,150000.0,240000.0,1000000.0,0.0
y_vivienda_m,float64,32177,104,0.3232122323398701,20,340336.53846153844,758974.8657283185,0.0,0.0,200000.0,350000.0,6000000.0,0.0
y_otros_m,float64,32177,131,0.40712310035118254,47,276812.9770992366,466879.7462363131,0.0,80000.0,145000.0,300000.0,4500000.0,100000.0
y_auxilioAliment_m,float64,32177,407,1.2648786400223762,82,118498.64864864865,167173.54569654723,0.0,0.0,70000.0,180000.0,1428000.0,0.0
y_auxilioTransp_m,float64,32177,5471,17.002828107032975,117,67666.32334125388,69428.76081199897,0.0,0.0,88211.0,88211.0,3000000.0,88211.0
y_subFamiliar_m,float64,32177,2301,7.151070640519626,139,44774.265536723164,45600.27083565049,0.0,30000.0,31000.0,60000.0,940000.0,30000.0
y_subEducativo_m,float64,32177,38,0.11809677720110638,26,396391.86842105264,624826.9928887417,0.0,30472.75,100000.0,387500.0,2700000.0,0.0
y_primas_m,float64,32177,95,0.29524194300276596,43,455992.2105263158,801431.6022398027,0.0,0.0,123637.0,500000.0,3500000.0,0.0
y_bonificaciones_m,float64,32177,366,1.137458433042235,78,546641.3989071038,2671324.0786252078,0.0,0.0,100000.0,300000.0,47200000.0,0.0
y_primaServicios_m,float64,32177,7207,22.397986139167728,400,1117089.8505619536,1727992.4073043086,0.0,350000.0,781242.0,1200000.0,56000000.0,0.0
y_primaNavidad_m,float64,32177,605,1.8802250054386676,98,1744529.2198347107,2732619.514596044,0.0,0.0,1200000.0,2400000.0,36500000.0,0.0
y_primaVacaciones_m,float64,32177,579,1.7994219473537,78,958670.3022452504,3425005.745597463,0.0,0.0,350000.0,1145000.0,77000000.0,0.0
y_viaticos_m,float64,32177,399,1.240016160611617,89,3096817.0426065163,10317323.958149092,0.0,0.0,600000.0,2000000.0,130000000.0,0.0
y_accidentes_m,float64,32177,35,0.10877334742207168,19,447121.4285714286,737940.6070957475,0.0,0.0,70000.0,595000.0,3125000.0,0.0
y_salarySec_m,float64,32177,461,1.4327003760450012,89,688761.9132321042,1121704.3655068104,6000.0,120000.0,300000.0,700000.0,10000000.0,200000.0
y_ingLab_m_ha,float64,32177,9964,30.96621810610063,5049,8779.402749842595,12850.070292069893,48.6111106872559,4212.962890625,5033.156982421875,7991.2919921875,350583.34375,4226.5078125
y_gananciaNeta_m,float64,32177,4904,15.240699878795413,237,1350620.3847871316,2460599.6153896824,84.0,480000.0,800000.0,1500000.0,70000000.0,800000.0
y_gananciaNetaAgro_m,float64,32177,0,0.0,0,,,,,,,,
y_gananciaIndep_m,float64,32177,4904,15.240699878795413,237,1350620.3847871316,2460599.6153896824,84.0,480000.0,800000.0,1500000.0,70000000.0,800000.0
y_gananciaIndep_m_hu,float64,32177,4904,15.240699878795413,698,8073.790597712229,15792.567871677236,0.47152778506279,2625.0,4131.9443359375,7777.77783203125,340277.78125,3888.88891601562
y_total_m,float64,32177,14868,46.206917984896045,3772,1608660.881757907,2425242.8825022033,84.0,797402.4375,989024.5625,1545708.3125,70000000.0,800000.0
y_total_m_ha,float64,32177,14868,46.206917984896045,5441,8504.196798278272,13828.288655942268,0.47152778506279,3754.1782836914076,4821.99365234375,7852.9615478515625,350583.34375,3888.88891601562
chunk,int64,32177,32177,100.0,10,5.499891226652578,2.8721744683482306,1.0,3.0,5.0,8.0,10.0,2
url_origen,object,32177,32177,100.0,10,,,,,,,,https://ignaciomsarmiento.github.io/GEIH2018_sample/pages/geih_page_2.html
muestra_ps3,object,32177,32177,100.0,2,,,,,,,,entrenamiento
