modelo,sexo,edad,prediccion,IC_inf,IC_sup
S1,Hombres,18.0,13.515598340453337,13.467064001693494,13.56413267921318
S1,Hombres,19.0,13.567566752812082,13.523888407951391,13.611245097672773
S1,Hombres,20.0,13.617459159461717,13.57829532114405,13.656622997779383
S1,Hombres,21.0,13.665275560402241,13.630258556968995,13.700292563835488
S1,Hombres,22.0,13.711015955633657,13.679744649318128,13.742287261949187
S1,Hombres,23.0,13.754680345155961,13.726712095180517,13.782648595131406
S1,Hombres,24.0,13.796268728969157,13.771112397917186,13.821425060021127
S1,Hombres,25.0,13.835781107073242,13.812894987602238,13.858667226544245
S1,Hombres,26.0,13.873217479468215,13.85201818690509,13.89441677203134
S1,Hombres,27.0,13.90857784615408,13.888465788410707,13.928689903897451
S1,Hombres,28.0,13.941862207130832,13.922262794570454,13.96146161969121
S1,Hombres,29.0,13.973070562398476,13.953479622696854,13.992661502100098
S1,Hombres,30.0,14.002202911957013,13.98221971976638,14.022186104147647
S1,Hombres,31.0,14.029259255806435,14.0085977925077,14.04992071910517
S1,Hombres,32.0,14.054239593946749,14.032720769304436,14.07575841858906
S1,Hombres,33.0,14.077143926377953,14.054677718520155,14.099610134235752
S1,Hombres,34.0,14.097972253100048,14.074537661960314,14.121406844239782
S1,Hombres,35.0,14.116724574113032,14.092351614996353,14.141097533229711
S1,Hombres,36.0,14.133400889416906,14.108155949083018,14.158645829750794
S1,Hombres,37.0,14.148001199011668,14.121975602830652,14.174026795192685
S1,Hombres,38.0,14.160525502897324,14.133826632033907,14.18722437376074
S1,Hombres,39.0,14.170973801073867,14.143718040818108,14.198229561329626
S1,Hombres,40.0,14.179346093541298,14.151652991126587,14.207039195956009
S1,Hombres,41.0,14.185642380299623,14.157629513274747,14.213655247324498
S1,Hombres,42.0,14.189862661348837,14.161640822604452,14.218084500093221
S1,Hombres,43.0,14.192006936688939,14.163675323527343,14.220338549850535
S1,Hombres,44.0,14.192075206319933,14.163716367301989,14.220434045337877
S1,Hombres,45.0,14.190067470241816,14.161741830680285,14.218393109803348
S1,Hombres,46.0,14.18598372845459,14.157723604071286,14.214243852837892
S1,Hombres,47.0,14.179823980958252,14.15162712386426,14.208020838052244
S1,Hombres,48.0,14.171588227752805,14.143411152565596,14.199765302940014
S1,Hombres,49.0,14.161276468838249,14.133028086584877,14.18952485109162
S1,Hombres,50.0,14.148888704214581,14.12042511266032,14.177352295768843
S1,Hombres,51.0,14.134424933881803,14.105546468499554,14.163303399264052
S1,Hombres,52.0,14.117885157839915,14.088336819624924,14.147433496054905
S1,Hombres,53.0,14.09926937608892,14.068745347257178,14.129793404920662
S1,Hombres,54.0,14.07857758862881,14.046729711535336,14.110425465722285
S1,Hombres,55.0,14.055809795459595,14.022258891473726,14.089360699445464
S1,Hombres,56.0,14.030965996581266,13.995314198513833,14.066617794648698
S1,Hombres,57.0,14.004046191993828,13.965888397131074,14.042203986856581
S1,Hombres,58.0,13.975050381697281,13.933983472493695,14.016117290900867
S1,Hombres,59.0,13.943978565691623,13.899607847777393,13.988349283605853
S1,Hombres,60.0,13.910830743976856,13.862773741940636,13.958887746013076
S1,Hombres,61.0,13.875606916552977,13.823495059762415,13.927718773343539
S1,Hombres,62.0,13.838307083419988,13.781785920329853,13.894828246510123
S1,Hombres,63.0,13.79893124457789,13.73765975331798,13.8602027358378
S1,Hombres,64.0,13.757479400026682,13.691128823527837,13.823829976525527
S1,Hombres,65.0,13.713951549766364,13.642204043042868,13.78569905648986
S1,Hombres,66.0,13.668347693796937,13.590894958319854,13.74580042927402
S1,Hombres,67.0,13.620667832118396,13.537209832847367,13.704125831389426
S1,Hombres,68.0,13.57091196473075,13.481155774271643,13.660668155189855
S1,Hombres,69.0,13.519080091633992,13.42273887547603,13.615421307791953
S1,Hombres,70.0,13.465172212828122,13.361964352776102,13.568380072880142
S1,Hombres,71.0,13.409188328313144,13.298836672896405,13.519539983729883
S1,Hombres,72.0,13.351128438089056,13.233359665392214,13.468897210785897
S1,Hombres,73.0,13.290992542155855,13.16553661994658,13.41644846436513
S1,Hombres,74.0,13.228780640513548,13.095370369387014,13.362190911640083
S1,Hombres,75.0,13.16449273316213,13.022863359894707,13.306122106429552
S1,Mujeres,18.0,13.458544728219783,13.396921444431133,13.520168012008433
S1,Mujeres,19.0,13.506322841811068,13.450520525273145,13.56212515834899
S1,Mujeres,20.0,13.551616496043895,13.501220433867122,13.602012558220668
S1,Mujeres,21.0,13.594425690918262,13.548993228180176,13.639858153656348
S1,Mujeres,22.0,13.634750426434174,13.593804669973398,13.67569618289495
S1,Mujeres,23.0,13.672590702591624,13.635614285304328,13.709567119878919
S1,Mujeres,24.0,13.707946519390616,13.674377228715667,13.741515810065565
S1,Mujeres,25.0,13.74081787683115,13.710049362401751,13.771586391260549
S1,Mujeres,26.0,13.771204774913222,13.742596685138952,13.799812864687492
S1,Mujeres,27.0,13.799107213636837,13.772008325097673,13.826206102176002
S1,Mujeres,28.0,13.824525193001993,13.79830869723705,13.850741688766934
S1,Mujeres,29.0,13.84745871300869,13.821561926892056,13.873355499125324
S1,Mujeres,30.0,13.867907773656933,13.841864420723201,13.893951126590665
S1,Mujeres,31.0,13.885872374946711,13.859328706198372,13.91241604369505
S1,Mujeres,32.0,13.901352516878031,13.87406641687092,13.928638616885143
S1,Mujeres,33.0,13.914348199450895,13.886176545675797,13.942519853225994
S1,Mujeres,34.0,13.9248594226653,13.895740292812746,13.953978552517853
S1,Mujeres,35.0,13.932886186521245,13.902820676921134,13.962951696121355
S1,Mujeres,36.0,13.938428491018731,13.907464512741653,13.96939246929581
S1,Mujeres,37.0,13.941486336157757,13.909705065199045,13.973267607116469
S1,Mujeres,38.0,13.942059721938328,13.90956451389101,13.974554929985647
S1,Mujeres,39.0,13.940148648360438,13.907055903144679,13.973241393576197
S1,Mujeres,40.0,13.935753115424086,13.902184522654991,13.969321708193181
S1,Mujeres,41.0,13.92887312312928,13.894948769993078,13.962797476265482
S1,Mujeres,42.0,13.919508671476015,13.885340575446467,13.953676767505563
S1,Mujeres,43.0,13.90765976046429,13.873345471957007,13.941974048971572
S1,Mujeres,44.0,13.893326390094106,13.858942394449521,13.927710385738692
S1,Mujeres,45.0,13.876508560365464,13.842103307429076,13.910913813301852
S1,Mujeres,46.0,13.857206271278361,13.822792795064618,13.891619747492104
S1,Mujeres,47.0,13.835419522832801,13.800967805869082,13.86987123979652
S1,Mujeres,48.0,13.811148315028783,13.776577815074377,13.845718814983188
S1,Mujeres,49.0,13.784392647866307,13.749565721824125,13.819219573908489
S1,Mujeres,50.0,13.75515252134537,13.71986977856236,13.790435264128378
S1,Mujeres,51.0,13.723427935465972,13.687426686552485,13.75942918437946
S1,Mujeres,52.0,13.689218890228117,13.652175652309792,13.726262128146443
S1,Mujeres,53.0,13.652525385631806,13.614062766033863,13.69098800522975
S1,Mujeres,54.0,13.613347421677034,13.573044753076283,13.653650090277784
S1,Mujeres,55.0,13.571684998363805,13.529091201929075,13.614278794798535
S1,Mujeres,56.0,13.527538115692114,13.482184834448985,13.572891396935242
S1,Mujeres,57.0,13.480906773661966,13.432320020759816,13.529493526564115
S1,Mujeres,58.0,13.43179097227336,13.379500206697147,13.484081737849573
S1,Mujeres,59.0,13.380190711526295,13.323735029217987,13.436646393834602
S1,Mujeres,60.0,13.326105991420771,13.265037708721046,13.387174274120497
S1,Mujeres,61.0,13.269536811956787,13.203423015456998,13.335650608456575
S1,Mujeres,62.0,13.210483173134344,13.138905863161511,13.282060483107177
S1,Mujeres,63.0,13.148945074953444,13.071500443134436,13.226389706772451
S1,Mujeres,64.0,13.084922517414084,13.001219762740064,13.168625272088104
S1,Mujeres,65.0,13.018415500516266,12.928075456972067,13.108755544060465
S1,Mujeres,66.0,12.94942402425999,12.852077768624023,13.046770279895958
S1,Mujeres,67.0,12.877948088645253,12.773235622953395,12.98266055433711
S1,Mujeres,68.0,12.80398769367206,12.691556748349722,12.916418638994397
S1,Mujeres,69.0,12.727542839340407,12.60704781337128,12.848037865309534
S1,Mujeres,70.0,12.648613525650294,12.519714563263886,12.777512488036702
S1,Mujeres,71.0,12.567199752601724,12.429561947187644,12.704837558015804
S1,Mujeres,72.0,12.483301520194694,12.33659423228098,12.630008808108407
S1,Mujeres,73.0,12.396918828429204,12.240815103504262,12.553022553354145
S1,Mujeres,74.0,12.308051677305258,12.142227749716042,12.473875604894474
S1,Mujeres,75.0,12.216700066822852,12.0408349371655,12.392565196480206
S5,Hombres,18.0,13.579838396369205,13.541714314431406,13.617962478307003
S5,Hombres,19.0,13.612720904057166,13.577970989613144,13.647470818501189
S5,Hombres,20.0,13.64455514851169,13.612937319622885,13.676172977400496
S5,Hombres,21.0,13.67534112973278,13.646597905761746,13.704084353703815
S5,Hombres,22.0,13.705078847720436,13.678934566787435,13.731223128653438
S5,Hombres,23.0,13.733768302474656,13.709926704883248,13.757609900066065
S5,Hombres,24.0,13.761409493995444,13.739552575144302,13.783266412846586
S5,Hombres,25.0,13.788002422282796,13.76779194260879,13.808212901956802
S5,Hombres,26.0,13.813547087336712,13.794630375665532,13.832463799007892
S5,Hombres,27.0,13.838043489157194,13.820064652172478,13.85602232614191
S5,Hombres,28.0,13.861491627744241,13.844107576259422,13.878875679229061
S5,Hombres,29.0,13.883891503097853,13.866789816052155,13.900993190143552
S5,Hombres,30.0,13.905243115218033,13.88815729014559,13.922328940290475
S5,Hombres,31.0,13.925546464104777,13.908264923720735,13.942828004488819
S5,Hombres,32.0,13.944801549758084,13.927169381614492,13.962433717901677
S5,Hombres,33.0,13.96300837217796,13.9449232590235,13.98109348533242
S5,Hombres,34.0,13.980166931364398,13.961571769551707,13.998762093177088
S5,Hombres,35.0,13.996277227317403,13.977151647620994,14.015402807013812
S5,Hombres,36.0,14.011339260036973,13.991691445549389,14.030987074524557
S5,Hombres,37.0,14.025353029523108,14.005212466565402,14.045493592480815
S5,Hombres,38.0,14.038318535775808,14.017729841530496,14.05890723002112
S5,Hombres,39.0,14.050235778795075,14.029253498611348,14.071218058978802
S5,Hombres,40.0,14.061104758580905,14.039788928973845,14.082420588187965
S5,Hombres,41.0,14.070925475133304,14.049337731336353,14.092513218930256
S5,Hombres,42.0,14.079697928452266,14.057897952935189,14.101497903969342
S5,Hombres,43.0,14.087422118537791,14.065464257055982,14.1093799800196
S5,Hombres,44.0,14.094098045389886,14.072027951965284,14.116168138814489
S5,Hombres,45.0,14.099725709008542,14.077576920861446,14.121874497155638
S5,Hombres,46.0,14.104305109393767,14.082095501736768,14.126514717050766
S5,Hombres,47.0,14.107836246545554,14.085564381704,14.13010811138711
S5,Hombres,48.0,14.110319120463908,14.087960591427446,14.13267764950037
S5,Hombres,49.0,14.111753731148829,14.089257706326853,14.134249755970805
S5,Hombres,50.0,14.112140078600312,14.089426370241432,14.134853786959193
S5,Hombres,51.0,14.111478162818361,14.088435236125548,14.134521089511175
S5,Hombres,52.0,14.109767983802978,14.086252349284907,14.13328361832105
S5,Hombres,53.0,14.107009541554158,14.082846879054411,14.131172204053904
S5,Hombres,54.0,14.103202836071905,14.078190964311872,14.128214707831937
S5,Hombres,55.0,14.098347867356216,14.072261339868415,14.124434394844016
S5,Hombres,56.0,14.092444635407091,14.065040420040573,14.119848850773609
S5,Hombres,57.0,14.085493140224532,14.056516649816583,14.114469630632481
S5,Hombres,58.0,14.07749338180854,14.046684137070018,14.108302626547063
S5,Hombres,59.0,14.068445360159112,14.0355417556636,14.101348964654624
S5,Hombres,60.0,14.05834907527625,14.023091989305863,14.093606161246639
S5,Hombres,61.0,14.047204527159954,14.009339763602375,14.085069290717533
S5,Hombres,62.0,14.035011715810223,13.994291431397338,14.075732000223107
S5,Hombres,63.0,14.021770641227057,13.977953985156303,14.065587297297812
S5,Hombres,64.0,14.007481303410454,13.960334501341313,14.054628105479596
S5,Hombres,65.0,13.99214370236042,13.941439783617055,14.042847621103784
S5,Hombres,66.0,13.97575783807695,13.92127615836377,14.030239517790129
S5,Hombres,67.0,13.958323710560045,13.89984937745115,14.01679804366894
S5,Hombres,68.0,13.939841319809705,13.87716459126727,14.00251804835214
S5,Hombres,69.0,13.92031066582593,13.853226364473214,13.987394967178647
S5,Hombres,70.0,13.89973174860872,13.828038715394348,13.971424781823094
S5,Hombres,71.0,13.878104568158076,13.801605166545356,13.954603969770796
S5,Hombres,72.0,13.855429124473998,13.773928798528694,13.936929450419303
S5,Hombres,73.0,13.831705417556485,13.745012302774777,13.918398532338193
S5,Hombres,74.0,13.806933447405536,13.714858030694542,13.89900886411653
S5,Hombres,75.0,13.781113214021154,13.683468038129895,13.878758389912413
S5,Mujeres,18.0,13.46998702272705,13.427038540092632,13.512935505361469
S5,Mujeres,19.0,13.499541052497815,13.460425838497752,13.538656266497878
S5,Mujeres,20.0,13.528022303310038,13.49246619941213,13.563578407207947
S5,Mujeres,21.0,13.555430775163728,13.523144031889949,13.587717518437508
S5,Mujeres,22.0,13.581766468058879,13.552440980965068,13.61109195515269
S5,Mujeres,23.0,13.607029381995495,13.580336299981404,13.633722464009587
S5,Mujeres,24.0,13.631219516973571,13.606808116753433,13.65563091719371
S5,Mujeres,25.0,13.654336872993111,13.631836083438387,13.676837662547836
S5,Mujeres,26.0,13.676381450054114,13.655405698703019,13.69735720140521
S5,Mujeres,27.0,13.697353248156581,13.677513866080355,13.717192630232807
S5,Mujeres,28.0,13.71725226730051,13.698174070631662,13.73633046396936
S5,Mujeres,29.0,13.736078507485903,13.717418727631397,13.754738287340409
S5,Mujeres,30.0,13.753831968712756,13.735296957024692,13.77236698040082
S5,Mujeres,31.0,13.770512650981077,13.751868293404048,13.789157008558107
S5,Mujeres,32.0,13.786120554290857,13.7671948905717,13.805046218010014
S5,Mujeres,33.0,13.8006556786421,13.781334956832074,13.819976400452125
S5,Mujeres,34.0,13.814118024034807,13.794338772996602,13.833897275073012
S5,Mujeres,35.0,13.826507590468978,13.806247167752751,13.846768013185205
S5,Mujeres,36.0,13.837824377944608,13.81709162190764,13.858557133981577
S5,Mujeres,37.0,13.848068386461705,13.826895158430249,13.869241614493161
S5,Mujeres,38.0,13.857239616020262,13.835673440722426,13.878805791318099
S5,Mujeres,39.0,13.865338066620286,13.843435770177221,13.88724036306335
S5,Mujeres,40.0,13.872363738261772,13.850185855257571,13.894541621265972
S5,Mujeres,41.0,13.878316630944717,13.855922323760986,13.900710938128448
S5,Mujeres,42.0,13.88319674466913,13.860638998307788,13.905754491030471
S5,Mujeres,43.0,13.887004079435002,13.8643249794269,13.909683179443103
S5,Mujeres,44.0,13.889738635242338,13.86696459879743,13.912512671687246
S5,Mujeres,45.0,13.891400412091137,13.86853732742233,13.914263496759945
S5,Mujeres,46.0,13.8919894099814,13.869017753436292,13.914961066526509
S5,Mujeres,47.0,13.891505628913126,13.868375777825054,13.914635480001198
S5,Mujeres,48.0,13.889949068886313,13.866577198711763,13.913320939060863
S5,Mujeres,49.0,13.887319729900963,13.863584839104728,13.911054620697197
S5,Mujeres,50.0,13.88361761195708,13.859360287640692,13.907874936273467
S5,Mujeres,51.0,13.878842715054656,13.853866153920965,13.903819276188347
S5,Mujeres,52.0,13.872995039193695,13.847068526786723,13.898921551600667
S5,Mujeres,53.0,13.866074584374198,13.838939162742891,13.893210006005505
S5,Mujeres,54.0,13.858081350596162,13.829456933283979,13.886705767908346
S5,Mujeres,55.0,13.849015337859592,13.818608258588855,13.87942241713033
S5,Mujeres,56.0,13.838876546164483,13.806386561038721,13.871366531290246
S5,Mujeres,57.0,13.827664975510839,13.792791029014095,13.862538922007582
S5,Mujeres,58.0,13.815380625898655,13.77782508224484,13.85293616955247
S5,Mujeres,59.0,13.802023497327937,13.761494876510167,13.842552118145708
S5,Mujeres,60.0,13.78759358979868,13.743808053595375,13.831379126001986
S5,Mujeres,61.0,13.772090903310886,13.724772811076868,13.819408995544904
S5,Mujeres,62.0,13.755515437864554,13.704397277102236,13.806633598626872
S5,Mujeres,63.0,13.737867193459687,13.682689132509434,13.79304525440994
S5,Mujeres,64.0,13.719146170096282,13.659655412974395,13.77863692721817
S5,Mujeres,65.0,13.69935236777434,13.635302431577077,13.763402303971603
S5,Mujeres,66.0,13.678485786493862,13.609635775881149,13.747335797106576
S5,Mujeres,67.0,13.656546426254845,13.582660347213908,13.730432505295783
S5,Mujeres,68.0,13.63353428705729,13.55438042088008,13.712688153234502
S5,Mujeres,69.0,13.6094493689012,13.524799714112548,13.694099023689853
S5,Mujeres,70.0,13.584291671786575,13.493921454061672,13.674661889511478
S5,Mujeres,71.0,13.558061195713412,13.461748441682571,13.654373949744253
S5,Mujeres,72.0,13.53075794068171,13.428283109581653,13.633232771781767
S5,Mujeres,73.0,13.502381906691472,13.393527573185878,13.611236240197066
S5,Mujeres,74.0,13.472933093742693,13.357483675326911,13.588382512158475
S5,Mujeres,75.0,13.44241150183538,13.32015302470715,13.564669978963611
